AD;DEC;NOM;DIMENSION;STATUT
-------;-------;-------;-------;-------
00:00:07.00;+29:57:00.00;Pre 71;6.5 min d'arc;Naine blanche
00:02:37.93;+53:47:05.19;Mul Objet 6;0.1 min d'arc;Galaxie
00:10:21.67;+48:47:11.91;StDr 141;4.2 x 2.7 min d'arc;Vraie NP
00:11:03.42;+57:10:36.30;Dr 27;9 min d'arc;NP Probable
00:11:45.64;+50:49:38.10;Ra 65;1.8 x 0.8 min d'arc;Nouvelle candidate
00:13:48.27;+65:48:15.29;Su Objet 2;1.1 x 0.8 min d'arc;Etoile avec raies en émission possible
00:14:02.47;-33:45:19.10;LDû 15;0.6 min d'arc;Galaxie
00:19:42.43;+63:43:21.50;Mul 2;0.1 min d'arc;Non NP
00:28:32.08;+65:27:43.66;Su Objet 4;0.8 x 0.5 min d'arc;Non NP
00:29:21.16;+62:43:32.49;MoMi 4;5.4 min d'arc;Nouvelle candidate
00:30:57.16;+61:24:37.40;Ou 2;1.3 min d'arc;Vraie NP
00:33:57.40;+74:18:40.00;Hu 2;2.0 x 1.6 min d'arc;NP Probable
00:33:57.90;+67:18:30.00;Mul-IR 86;min d'arc;
00:45:06.48;+62:07:47.12;StDr Objet 18;0.4 min d'arc;Objet Herbig-Haro
00:47:00.00;+40:21:00.00;StDrSai Objet 1;120 min d'arc;Nouvelle candidate
00:49:06.36;+61:53:39.80;Mul-IR 87;min d'arc;
00:52:21.74;+51:52:40.50;Hu Objet 2;5.7 x 3.5 min d'arc;Nouvelle candidate
00:54:07.70;+66:40:13.00;Mul-IR 38;min d'arc;
01:03:27.22;+69:46:55.00;Fe 7;6 x 4 min d'arc;Nouvelle candidate
01:06:12.41;+54:54:11.41;StDr 35;16 x 10 min d'arc;Nouvelle candidate
01:06:28.60;+53:40:52.30;DrSti 1;5 min d'arc;Nouvelle candidate
01:07:40.04;+53:52:24.02;Dr 36;2.7 x 2.1 min d'arc;NP Probable
01:16:44.66;+60:00:52.70;MoMiJi 1;5 min d'arc;NP Probable
01:19:28.88;+49:01:09.38;PaStDr 3;12 min d'arc;Possible NP
01:26:36.00;+18:51:19.80;Pre 8;1.6 min d'arc;Vraie NP
01:26:40.01;-74:10:15.60;Pi 1;0.2 min d'arc;Possible NP
01:32:38.77;+63:59:30.39;StDr 55;5 min d'arc;Nouvelle candidate
01:34:24.08;+30:31:17.80;Maa 2;0.47 min d'arc;NP Probable
01:34:56.00;+47:29:39.00;Ra 22;2.5 min d'arc;Nouvelle candidate
01:36:18.50;+54:18:40.00;Pre Objet 5;1.8 x 1.5 min d'arc;Nouvelle candidate
01:38:42.98;+55:04:58.40;Mul 8;0.6 min d'arc;Nouvelle candidate
01:38:43.40;+54:50:25.00;Ra 53;0.7 min d'arc;Nouvelle candidate
01:39:21.00;+55:12:14.00;Ra 19;1.3 min d'arc;Nouvelle candidate
01:41:52.00;+60:45:07.00;Ra 52;0.7 min d'arc;Nouvelle candidate
01:42:29.00;+52:15:53.00;Pre 36;3.5 min d'arc;Nouvelle candidate
01:42:59.23;+23:53:20.63;DoS Objet 1;0.5 x 0.2 min d'arc;Nouvelle candidate
01:47:12.00;+54:17:06.00;Ra 58;1.0 x 1.0 min d'arc;Nouvelle candidate
01:48:12.00;+54:13:30.00;Pre Objet 6;1.6 x 1.3 min d'arc;Nouvelle candidate
01:52:50.00;+59:39:50.00;Pre Objet 4;2.5 x 1.5 min d'arc;Nouvelle candidate
01:55:39.00;+62:40:20.00;Ra 18;1 min d'arc;Nouvelle candidate
01:56:05.00;+65:44:16.00;Ra 33;1.3 min d'arc;Nouvelle candidate
01:56:25.25;+65:28:29.10;Fe 6;3.5 min d'arc;Vraie NP
02:06:48.64;+60:10:37.12;StDr Objet 16;0.4 min d'arc;Nouvelle candidate
02:07:17.41;+30:05:11.90;StDr 56;44 x 36 min d'arc;Nouvelle candidate
02:10:10.64;+65:25:15.30;Fe 8;0.8 x 0.7 min d'arc;Vraie NP
02:10:23.87;+65:38:58.60;Mo Objet 3;3.1 x 3.4 min d'arc;Nouvelle candidate
02:11:11.20;+41:29:35.30;Ra 68;4.6 min d'arc;Nouvelle candidate
02:15:34.62;+60:11:00.90;StDr 46;1.1 min d'arc;Vraie NP
02:15:58.38;+38:46:19.95;PaStDr 9;90 min d'arc;Nouvelle candidate
02:30:17.00;+56:33:37.00;Ra 46;1.6 x 1.6 min d'arc;Nouvelle candidate
02:33:54.60;+49:45:51.73;Dr 28;4.5 min d'arc;Nouvelle candidate
02:35:23.84;+63:03:02.35;StDr 61;13 min d'arc;Possible NP
02:39:36.00;+57:12:23.00;Ra 32;0.5 min d'arc;Nouvelle candidate
02:50:03.48;+61:08:31.96;LDû 3;2 min d'arc;Région HII
03:04:21.70;+62:18:01.30;LDû 14;1 min d'arc;Vraie NP
03:22:38.97;+46:04:33.74;PaStDr 6;10 x 15 min d'arc;Nouvelle candidate
03:24:22.82;+61:20:40.10;StDr 36;5.2 min d'arc;Nouvelle candidate
03:37:55.76;+43:44:15.71;StDr 138;9.5 x 12 min d'arc;NP Probable
03:58:18.64;+54:39:35.80;Su 4;1.2 min d'arc;Région HII
04:02:11.07;+56:54:28.93;MoMi 1;0.1 min d'arc;Nouvelle candidate
04:05:24.33;+54:01:16.28;Mul Objet 4;0.1 min d'arc;Non NP
04:06:05.26;+42:41:20.37;StDr 104;12 min d'arc;Nouvelle candidate
04:06:49.60;+59:43:46.08;Dr 26;3 min d'arc;Vraie NP
04:07:21.62;+51:24:24.20;Ou 1;1.3 x 0.9 min d'arc;NP Probable
04:17:26.43;+42:35:57.06;Pa 167;4.2 x 1.5 min d'arc;Vraie NP
04:19:42.13;+55:59:57.71;MarSai Objet 1;12 x 9 min d'arc;Non NP
04:20:43.81;+44:56:28.17;StDr 57;1.5 min d'arc;Possible NP
04:25:10.00;+25:36:51.00;Ra 48;1.1 x 0.7 min d'arc;Candidat rémanent de supernova
04:25:53.60;+39:49:10.40;Pre 24;0.8 x 0.3 min d'arc;Galaxie
04:25:53.85;+44:19:07.90;Br 2;0.2 min d'arc;Nouvelle candidate
04:26:23.65;+48:20:08.64;StDr Objet 21;8 x 4.5 min d'arc;Nouvelle candidate
04:31:13.53;+25:09:13.20;Ra 49;1.3 x 0.9 min d'arc;Objet Herbig-Haro
04:33:25.00;+44:24:55.00;Mul-IR 41;min d'arc;
04:41:10.89;+57:54:17.00;Hu 3;19.6 x 15.2 min d'arc;Nouvelle candidate
04:47:35.78;-67:30:49.68;Su 8;0.2 min d'arc;Nouvelle candidate
04:50:23.14;+43:45:42.40;Ra 47;3.1 x 3.1 min d'arc;Nouvelle candidate
04:52:32.41;+07:40:31.64;StDr Objet 31;18 min d'arc;Candidat rémanent de supernova
04:53:53.90;+51:57:45.70;SuFe 1;0.1 x 0.1 min d'arc;Vraie NP
04:54:14.49;-66:24:17.50;Bish 2;0.3 min d'arc;Nouvelle candidate
04:54:59.34;+51:25:20.10;Su Objet 1;0.6 x 0.2 min d'arc;Nouvelle candidate
04:55:05.36;+52:15:52.23;StDr Objet 22;1.5 min d'arc;Candidat rémanent de supernova
04:55:22.94;-66:41:24.40;Bish 1;0.2 min d'arc;Nouvelle candidate
04:56:28.00;+50:17:18.00;Ra Objet 3;1.3 min d'arc;Vraie NP
05:02:15.72;-71:25:26.04;Pi 2;0.2 min d'arc;Objet de nature inconnue
05:06:19.83;-10:47:37.37;StDr Objet 30;7 min d'arc;Nouvelle candidate
05:08:19.00;-62:18:50.90;St Objet 3;0.1 min d'arc;Nouvelle candidate
05:11:01.97;+45:02:24.63;StDr 162;5.7 min d'arc;Possible NP
05:11:31.84;-85:23:52.87;Su 3;0.5 x 0.4 min d'arc;Galaxie ?
05:11:33.10;+47:04:52.34;StDr 18;0.7 min d'arc;Possible NP
05:12:47.69;-00:47:24.60;LDû 29;2.1 x 1.7 min d'arc;Nouvelle candidate
05:14:25.22;+41:13:09.07;Or 1;1.0 x 0.9 min d'arc;Objet de nature inconnue
05:16:17.00;+27:27:23.00;Ra Objet 5;1.2 min d'arc;Objet intéressant
05:17:15.49;+44:11:20.99;StDr 125;6.2 min d'arc;Nouvelle candidate
05:17:52.67;+07:09:59.20;DeGaPe 33;0.1 min d'arc;Etoile avec raies en émission
05:17:57.10;+07:26:24.70;DeGaPe 32;0.1 min d'arc;Etoile avec raies en émission
05:18:17.68;+37:38:39.78;StDr Objet 6;0.6 min d'arc;ISM ionisé
05:21:05.55;+25:13:18.40;Ra 45;0.8 x 0.3 min d'arc;Nouvelle candidate
05:21:09.20;+36:39:35.00;Mul-IR 89;0.1 min d'arc;Etoile avec raies en émission
05:21:54.10;+36:38:21.98;Mo 6;1.5 x 1.1 min d'arc;Nouvelle candidate
05:23:09.04;+55:02:35.76;StDr Objet 17;15 min d'arc;Nouvelle candidate
05:24:01.24;+24:33:45.90;Br 3;0.3 min d'arc;Possible NP
05:25:44.38;+41:42:36.38;LiKaMa 1;0.7 min d'arc;Nouvelle candidate
05:25:56.63;+07:48:21.70;Ga 1;0.5 min d'arc;Vraie NP
05:27:35.26;+34:40:00.30;LDû 32;0.3 min d'arc;Nouvelle candidate
05:27:41.70;+34:41:33.90;RaBel 1;0.3 min d'arc;Possible NP
05:27:49.91;-09:54:19.60;LDû 6;0.1 min d'arc;Galaxie ?
05:28:21.00;+53:31:20.00;Hu 4;4.2 x 4.2 min d'arc;NP Probable
05:30:21.70;-06:21:13.64;Za 2;0.6 min d'arc;Nouvelle candidate
05:34:06.69;+39:56:03.20;Dr 32;0.5 min d'arc;Vraie NP
05:34:28.70;-69:46:45.00;DeGaPe 78;0.1 min d'arc;Région HII
05:35:20.50;-70:13:53.90;DeGaPe 77;0.5 min d'arc;Région HII
05:37:24.75;+28:42:39.69;StDr 144;16 min d'arc;Nouvelle candidate
05:37:30.00;+22:57:13.90;Ra 39;0.6 min d'arc;Nouvelle candidate
05:37:41.50;-02:13:52.17;Za 1;0.1 min d'arc;Nouvelle candidate
05:37:44.06;+31:09:17.50;StDr 37;1.8 min d'arc;Nouvelle candidate
05:38:36.82;-52:16:54.50;PaStDr 10;55 min d'arc;Nouvelle candidate
05:40:54.77;-69:26:46.00;FoGl 1;0.5 x 0.5 min d'arc;Nouvelle candidate
05:41:50.15;-08:00:55.42;Mo Objet 7;1.6 x 0.4 min d'arc;Nouvelle candidate
05:42:17.22;+22:48:59.40;Or Objet 1;0.6 min d'arc;Nouvelle candidate
05:42:40.75;+37:39:48.57;Mo Objet 13;0.2 x 0.1 min d'arc;Nouvelle candidate
05:44:33.78;+33:21:37.29;StDr 8;0.7 min d'arc;Possible NP
05:45:18.52;+14:45:44.24;StDr 128;3.5 min d'arc;Nouvelle candidate
05:51:00.85;+29:39:10.14;Dr 34;0.5 x 0.4 min d'arc;Nouvelle candidate
05:53:50.86;+24:02:27.11;StDr 1;4.8 min d'arc;Vraie NP
05:55:17.77;+23:34:02.67;StDr Objet 7;1.4 min d'arc;Nouvelle candidate
05:56:01.72;+01:13:24.00;LDû 10;2.7 min d'arc;Globule cométaire
05:56:31.20;-08:30:19.10;Za Objet 2;0.6 x 0.5 min d'arc;Nouvelle candidate
05:57:28.36;+02:31:53.70;Mo 4;6.4 x 2.4 min d'arc;Nouvelle candidate
05:58:15.00;+20:16:17.00;Ra 41;0.6 min d'arc;Nouvelle candidate
05:59:25.63;-72:38:44.30;Mul 19;0.1 min d'arc;NP Probable
05:59:40.89;+28:50:29.00;Pre 5;0.9 min d'arc;Nouvelle candidate
05:59:57.80;+10:09:46.00;Mul-LDu-IR 8;min d'arc;
06:03:34.87;-69:40:13.80;Bic 3;0.1 min d'arc;
06:04:32.00;+20:57:01.00;Ra 30;0.8 min d'arc;Vraie NP
06:06:18.37;+26:09:26.30;Br 1;0.1 min d'arc;Nouvelle candidate
06:06:50.64;+54:58:24.05;Ber 1;30 min d'arc;Possible NP
06:07:37.00;-27:55:19.00;LDû Objet 2;0.2 min d'arc;Galaxie ?
06:07:59.22;+14:00:04.00;StDr 58;2 min d'arc;Nouvelle candidate
06:08:52.00;+22:57:21.00;Ra 51;0.6 x 0.6 min d'arc;Nouvelle candidate
06:10:36.21;+14:10:39.14;StDr 19;0.2 x 0.1 min d'arc;Candidat rémanent de supernova
06:10:57.83;+13:13:31.15;StDr Objet 5;1.2 x 0.8 min d'arc;Nouvelle candidate
06:11:28.30;+13:05:13.43;StDr 154;2.2 min d'arc;Nouvelle candidate
06:12:50.50;+23:07:34.90;Bl 1;7.3 x 3.9 min d'arc;Nouvelle candidate
06:13:51.03;+19:37:09.00;LDû 31;0.3 min d'arc;Vraie NP
06:14:07.26;+16:29:18.70;Cop 3;0.2 min d'arc;Nouvelle candidate
06:14:35.00;+23:35:04.00;Ra 34;1 min d'arc;Nouvelle candidate
06:14:40.00;+18:49:15.00;Ra 54;1.0 x 0.6 min d'arc;NP Probable
06:14:58.90;+16:44:32.00;Mul-LDu-IR 19;min d'arc;
06:15:07.73;-43:49:18.60;LDû 4;0.4 min d'arc;Objet de nature inconnue
06:16:07.20;+23:52:20.00;Pre 34;1.3 min d'arc;Nouvelle candidate
06:16:07.92;+13:29:16.75;StDr 59;73.8 min d'arc;Nouvelle candidate
06:17:16.19;+27:46:36.91;StDr 163;4 min d'arc;NP Probable
06:19:05.00;-04:02:19.10;LDû 35;0.1 min d'arc;Nouvelle candidate
06:19:29.42;+17:22:56.62;StDr Objet 8;1.8 x 1.5 min d'arc;Nouvelle candidate
06:21:57.10;-68:57:00.60;Mul-LDu-IR 2;min d'arc;
06:22:25.96;+23:46:07.54;Ma Objet 1;0.3 x 0.2 min d'arc;Nouvelle candidate
06:22:35.00;+07:18:53.00;Ra 25;0.3 min d'arc;Nouvelle candidate
06:25:53.99;+10:33:08.81;StDr 32;6.6 min d'arc;Nouvelle candidate
06:26:47.62;-77:36:03.60;Bic 4;0.1 min d'arc;Nouvelle candidate
06:32:24.58;+08:32:11.46;StDr 155;13.5 min d'arc;Nouvelle candidate
06:34:22.65;+07:22:20.24;StDr 13;7.5 min d'arc;Vraie NP
06:36:26.70;+09:20:22.00;Mul-IR 42;min d'arc;
06:37:32.39;-16:58:30.80;StDr 38;1.7 x 0.8 min d'arc;Nouvelle candidate
06:38:15.20;-01:30:44.40;Mul-IR 74;min d'arc;
06:38:16.20;-01:33:08.00;Mul-IR 43;0.1 min d'arc;Etoile avec raies en émission
06:38:38.19;+01:36:49.68;Fal Objet 2;4.3 min d'arc;Non NP
06:41:02.70;+10:56:13.90;Pre 31;0.1 min d'arc;Nouvelle candidate
06:41:30.00;+06:16:30.00;PaRasMoMi 1;26 min d'arc;Nouvelle candidate
06:44:52.15;+11:49:08.30;StDr 33;2.1 x 0.6 min d'arc;Nouvelle candidate
06:45:05.00;+12:12:53.00;Ra 55;2.2 x 1.7 min d'arc;Nouvelle candidate
06:46:00.90;-01:57:07.06;LDû 34;0.8 x 1.1 min d'arc;Nouvelle candidate
06:46:32.00;+02:18:29.00;Mul-IR 90;min d'arc;
06:47:55.00;-02:08:39.00;Mul-IR 44;min d'arc;
06:48:16.40;+10:3:55.00;Pre Objet 2;1.4 x 0.8 min d'arc;Nouvelle candidate
06:48:58.20;+10:10:24.00;Pre Objet 3;1.0 x 0.4 min d'arc;Nouvelle candidate
06:49:23.36;-03:11:46.9;St 14;1.5 x 1.2 min d'arc;Nouvelle candidate
06:49:28.48;-04:9:29.50;St Objet 1;1.5 x 0.7 min d'arc;Nouvelle candidate
06:51:36.59;+02:43:18.08;StDr Objet 4;16 min d'arc;Nouvelle candidate
06:52:52.59;+09:04:22.70;CaVa 1;7.9 min d'arc;Vraie NP
06:54:38.70;-03:16:30.30;Mul 16;0.1 min d'arc;Objet intéressant
06:58:50.27;-06:33:32.79;Fal Objet 1;47 min d'arc;Nouvelle candidate
06:59:32.57;-10:52:14.30;StDr 39;9 min d'arc;Nouvelle candidate
06:59:39.77;-02:07:21.30;Mo 2;0.1 min d'arc;Nouvelle candidate
07:00:24.53;-04:13:15.30;StDr 62;0.1 min d'arc;Nouvelle candidate
07:01:25.00;+08:15:00.00;Hu 6;210 min d'arc;Nouvelle candidate
07:01:37.43;-02:17:51.20;Mul-IR 45;min d'arc;
07:03:06.26;-07:31:45.40;StDr 44;21 x 13 min d'arc;Nouvelle candidate
07:03:21.50;-34:03:45.29;Fal 1;10 min d'arc;Nouvelle candidate
07:03:28.51;-12:14:58.50;DeGaPe 72;0.1 min d'arc;Etoile avec raies en émission
07:03:53.10;-23:54:43.50;Pre Objet 15;0.5 min d'arc;Nouvelle candidate
07:04:41.90;-11:32:59.90;DeGaPe 73;0.1 min d'arc;Nouvelle candidate
07:05:21.30;-12:10:44.70;DeGaPe 74;0.1 min d'arc;Etoile avec raies en émission
07:06:15.55;+03:06:18.76;StDr 168;4 x 3.4 min d'arc;Nouvelle candidate
07:06:49.95;-13:36:59.70;Ra 64;0.7 x 0.8 min d'arc;Nouvelle candidate
07:07:51.23;-12:07:50.92;MoMi 3;1 x 0.4 min d'arc;Possible NP
07:09:30.30;-18:31:44.63;StDr 169;0.5 x 0.4 min d'arc;Nouvelle candidate
07:12:40.21;-25:08:34.45;Pre Objet 12;0.9 x 0.7 min d'arc;Nouvelle candidate
07:13:40.10;-12:22:06.50;Mul-IR 46;min d'arc;
07:17:58.99;-12:02:25.10;St 10;1.6 x 0.6 min d'arc;Nouvelle candidate
07:18:57.80;+07:22:23.20;StDr 137;6.3 min d'arc;NP Probable
07:19:02.38;-17:59:02.00;Fe 3;2.2 min d'arc;Région HII
07:19:12.50;-24:22:32.08;KinPau Objet 1;53 x 40 min d'arc;
07:19:31.90;-23:16:22.00;Mo Objet 1;10.7 x 4.8 min d'arc;Nouvelle candidate
07:20:18.50;-13:10:35.03;Dr 19;2.3 min d'arc;Nouvelle candidate
07:20:42.87;-19:29:06.00;Mul-LDu-IR 10;min d'arc;
07:23:17.07;-11:59:15.06;StDr 63;1.56 min d'arc;Nouvelle candidate
07:25:25.42;-16:18:39.83;StDr 64;0.83 min d'arc;Nouvelle candidate
07:26:13.20;-18:06:35.20;Mul-LDu-IR 16;min d'arc;
07:29:05.45;-18:37:03.45;Dr 14;8.6 x 5.8 min d'arc;Nouvelle candidate
07:29:13.74;-40:02:29.12;Lu 1;4 min d'arc;Possible NP
07:30:16.64;-19:59:22.43;StDr Objet 9;11 min d'arc;NP Probable
07:30:39.36;-09:25:22.62;StDr 65;3.3 min d'arc;Nouvelle candidate
07:33:04.46;+04:52:02.7;Hu 5;4.4 x 3.5 min d'arc;NP Probable
07:34:24.58;-29:12:48.78;StDr 157;4 min d'arc;Nouvelle candidate
07:39:12.81;-24:05:49.48;StDr 66;1.49 min d'arc;Nouvelle candidate
07:40:55.00;-33:33:22.84;Dr 2;1.3 min d'arc;NP Probable
07:41:26.49;+12:10:20.60;St 3;0.1 min d'arc;Nouvelle candidate
07:41:34.79;-09:42:01.90;LDû 5;0.6 min d'arc;Galaxie
07:42:18.85;-16:08:41.14;StDr 20;6 min d'arc;Objet de nature inconnue
07:42:21.45;-13:37:40.00;StDr 88;14 min d'arc;Possible NP
07:43:14.83;-25:45:49.10;LDû 16;0.5 min d'arc;Galaxie ?
07:43:20.32;+16:07:52.90;StDr 140;6.9 min d'arc;NP Probable
07:43:32.60;-47:47:07.10;Pre 2;0.4 min d'arc;Nouvelle candidate
07:44:11.83;-10:08:41.32;StDr 130;13 min d'arc;Nouvelle candidate
07:44:56.74;-22:26:40.70;DoS 1;0.1 min d'arc;Nouvelle candidate
07:47:39.79;-33:24:20.30;RebZva 1;1.3 min d'arc;Nouvelle candidate
07:49:19.94;-26:21:22.50;StDr 67;8 min d'arc;Nouvelle candidate
07:49:28.35;-33:42:28.00;Mo 14;0.7 x 0.3 min d'arc;Nouvelle candidate
07:50:14.12;-33:26:36.00;Mo 17;0.7 x 0.5 min d'arc;Nouvelle candidate
07:50:31.08;-24:26:38.54;StDr 40;5.5 x 3.0 min d'arc;Nouvelle candidate
07:50:42.85;-24:19:38.90;St Objet 12;0.2 x 0.1 min d'arc;Nouvelle candidate
07:51:18.11;-26:46:41.10;Mo Objet 5;1.2 x 1.0 min d'arc;Nouvelle candidate
07:54:02.84;-25:33:21.20;Mo 15;5.2 x 3.8 min d'arc;Nouvelle candidate
07:54:18.60;-26:01:51.97;St Objet 13;0.4 min d'arc;Nouvelle candidate
07:57:08.10;-28:33:25.00;Fe 11;0.4 x 0.3 min d'arc;Nouvelle candidate
07:58:12.05;-23:12:35.10;DoS 2;1.3 min d'arc;Nouvelle candidate
07:59:49.12;-46:10:47.35;Dr 1;1.8 min d'arc;NP Probable
07:59:50.62;-35:17:39.13;Mo Objet 11;0.3 x 0.1 min d'arc;Nouvelle candidate
08:04:10.74;-29:21:57.50;StDr 48;3 min d'arc;Nouvelle candidate
08:06:31.61;-37:30:03.30;PreMo Objet 1;1.6 x 1.3 min d'arc;Nouvelle candidate
08:07:15.80;-35:26:39.00;Pre 50;0.8 x 0.4 min d'arc;Vraie NP
08:09:00.47;-24:15:44.40;LDû 20;0.4 min d'arc;Nouvelle candidate
08:11:58.34;-29:56:41.39;Dr 3;1.8 min d'arc;Nouvelle candidate
08:12:55.61;-38:28:19.20;Mul-LDu-IR 11;min d'arc;
08:14:31.12;-32:59:58.93;St 41;1.0 x 0.6 min d'arc;Nouvelle candidate
08:14:53.60;-35:42:53.20;DeGaPe 58;0.1 min d'arc;Etoile avec raies en émission
08:15:45.80;-35:58:29.30;DeGaPe 54;0.1 min d'arc;Nouvelle candidate
08:15:49.81;-28:40:24.66;Mo 8;3.0 x 1.4 min d'arc;Nouvelle candidate
08:15:54.00;-16:16:01.90;Or 3;0.2 x 0.1 min d'arc;Nouvelle candidate
08:16:27.20;-34:42:53.40;DeGaPe 56;0.1 min d'arc;Nouvelle candidate
08:16:40.00;-35:46:39.20;DeGaPe 52;0.1 min d'arc;Nouvelle candidate
08:17:04.47;-39:55:06.90;Mul-LDu-IR 12;min d'arc;
08:17:13.44;-31:03:39.06;Dr 22;4 min d'arc;Nouvelle candidate
08:17:34.84;-35:56:02.50;DeGaPe 59;0.1 min d'arc;Nouvelle candidate
08:17:51.85;-32:04:40.32;Dr 13;0.3 min d'arc;Nouvelle candidate
08:18:08.50;-42:34:16.00;DeGaPe 71;0.1 min d'arc;Nouvelle candidate
08:18:26.50;-34:43:31.60;DeGaPe 55;0.1 min d'arc;Nouvelle candidate
08:18:50.73;-35:13:48.70;DeGaPe 57;0.1 min d'arc;Nouvelle candidate
08:21:17.50;-28:39:05.00;Pre Objet 14;0.7 min d'arc;Nouvelle candidate
08:21:19.26;-34:11:54.23;St Objet 9;1.6 x 1.4 min d'arc;Nouvelle candidate
08:21:24.00;-36:00:14.00;DeGaPe 53;1 x 0.9 min d'arc;Possible NP
08:25:59.62;-33:30:04.91;St Objet 10;1 min d'arc;Nouvelle candidate
08:27:43.01;-44:42:55.51;St Objet 11;0.3 x 0.1 min d'arc;Nouvelle candidate
08:27:45.00;-42:22:59.90;DeGaPe 75;0.1 min d'arc;Objet de nature inconnue
08:27:59.45;-39:57:03.80;Ras Objet 2;0.5 x 0.4 min d'arc;Nouvelle candidate
08:28:03.29;-14:58:54.60;Bea 1;0.3 min d'arc;Nouvelle candidate
08:30:11.30;-26:54:34.80;Fe Objet 2;1.5 x 1.2 min d'arc;Nouvelle candidate
08:32:39.26;-42:39:53.05;St 36;0.1 min d'arc;Nouvelle candidate
08:35:18.40;-41:46:37.76;St 47;0.7 min d'arc;Nouvelle candidate
08:35:40.69;-43:48:30.60;DeGaPe 1;1.0 x 0.9 min d'arc;NP Probable
08:39:10.50;-41:00:37.00;Mul-LDu-IR 17;min d'arc;
08:44:31.90;-46:00:13.51;StRas 2;0.2 min d'arc;NP Probable
08:45:17.90;-38:18:11.00;St 45;0.7 min d'arc;Vraie NP
08:45:36.40;-42:12:31.00;Mul-LDu-IR 7;min d'arc;
08:48:35.07;-47:06:45.46;St 30;0.4 x 0.3 min d'arc;Nouvelle candidate
08:50:08.33;-46:41:00.78;Mo 35;0.1 min d'arc;Nouvelle candidate
08:50:54.04;-40:47:52.26;St 37;0.5 min d'arc;Nouvelle candidate
08:51:59.00;-46:10:50.80;DeGaPe 3;0.1 min d'arc;Nouvelle candidate
08:52:41.05;-58:36:41.52;Jonk 1;0.2 x 0.1 min d'arc;Possible NP
08:53:41.36;-48:24:59.73;St 46;0.4 min d'arc;Nouvelle candidate
08:53:56.30;-46:44:06.90;DeGaPe 26;0.1 min d'arc;Nouvelle candidate
08:55:30.36;-23:34:43.70;StDr 129;3 min d'arc;Nouvelle candidate
08:55:31.00;-46:35:47.30;DeGaPe 24;0.1 min d'arc;Nouvelle candidate
08:56:24.83;-47:50:42.20;St 38;0.2 min d'arc;Nouvelle candidate
08:57:27.36;-49:35:37.67;St 48;0.2 x 0.1 min d'arc;Nouvelle candidate
08:57:42.00;-43:34:49.50;DeGaPe 31;0.1 min d'arc;Nouvelle candidate
08:59:13.20;-45:45:01.60;DeGaPe Objet 2;0.1 min d'arc;Nouvelle candidate
09:00:17.70;-46:40:40.60;DeGaPe 2;1.7 x 1.6 min d'arc;Région HII
09:01:03.32;+17:53:56.03;PaEl 1;8 min d'arc;Nouvelle candidate
09:03:25.46;-49:57:35.95;St Objet 7;0.1 x 0.6 min d'arc;Nouvelle candidate
09:06:40.25;-52:06:41.80;Mo 36;0.3 x 0.2 min d'arc;Nouvelle candidate
09:09:23.85;-48:22:00.70;Mul-LDu-IR 18;min d'arc;
09:11:57.36;-51:14:25.00;Mul-LDu-IR 3;min d'arc;
09:11:57.36;-51:14:25.00;MulPreLDu 1;0.1 min d'arc;Vraie NP
09:15:49.00;-54:35:33.00;Fe 9;0.9 x 0.9 min d'arc;Nouvelle candidate
09:16:58.50;-51:35:38.20;Mo 22;0.2 min d'arc;Vraie NP
09:19:20.17;-54:56:37.20;Mul-LDu-IR 4;min d'arc;
09:19:20.40;-54:56:39.08;MulLDu 1;0.1 min d'arc;Nouvelle candidate
09:24:53.49;-46:28:08.30;Mur Objet 1;0.3 min d'arc;Nouvelle candidate
09:25:30.34;-57:11:43.60;StDr 68;2 min d'arc;Nouvelle candidate
09:26:12.09;-49:57:30.32;PreMo 1;0.2 min d'arc;Nouvelle candidate
09:26:20.58;-22:23:39.13;StDr Objet 20;28 min d'arc;NP Probable
09:26:30.06;-53:00:49.02;St Objet 6;0.3 min d'arc;ISM ionisé
09:27:31.46;-23:22:34.40;StDr 47;4.5 min d'arc;NP Probable
09:30:25.00;-50:16:30.60;Pa 168;0.1 min d'arc;Vraie NP
09:34:48.60;-33:18:48.00;StDrMoMi 1;3 min d'arc;Nouvelle candidate
09:35:34.95;-45:38:09.50;Mul-LDu-IR 5;min d'arc;
09:37:23.81;-36:59:22.61;Dr Objet 6;6.3 min d'arc;Nouvelle candidate
09:37:53.03;-56:07:56.60;St 33;0.7 min d'arc;Nouvelle candidate
09:38:16.03;-25:46:16.27;StDr 131;25 min d'arc;Nouvelle candidate
09:41:55.71;-60:39:39.78;Mo Objet 14;0.3 x 0.2 min d'arc;Nouvelle candidate
09:42:06.37;-53:00:03.55;MulPre 4;0.1 min d'arc;NP Probable
09:42:39.81;-52:16:57.68;Mul 5;0.1 min d'arc;Possible NP
09:43:09.93;-51:37:26.94;St 50;0.3 min d'arc;Nouvelle candidate
09:44:02.60;-53:33:34.00;Mul-LDu-IR 13;min d'arc;
09:47:10.84;-54:43:20.66;Mo Objet 10;1.4 x 0.7 min d'arc;Nouvelle candidate
09:50:48.22;-28:01:51.60;Or 4;0.2 min d'arc;Nouvelle candidate
09:54:40.09;-56:42:32.30;Mo Objet 15;6.0 x 3.8 min d'arc;Nouvelle candidate
09:55:19.07;-61:08:37.70;LDû 41;1.7 x 0.9 min d'arc;Nouvelle candidate
09:55:31.33;-62:23:33.20;Mur 1;0.1 min d'arc;Nouvelle candidate
09:56:06.66;-62:14:05.30;LDû 40;1 x 0.8 min d'arc;Nouvelle candidate
09:58:53.27;-62:14:34.26;Mo 29;2.0 x 1.8 min d'arc;Nouvelle candidate
09:59:42.76;-63:37:04.67;DoS 3;0.1 min d'arc;Nouvelle candidate
10:10:11.60;-57:00:09.20;Su Objet 5;0.5 x 0.3 min d'arc;Nouvelle candidate
10:12:51.49;-56:42:25.62;StDr 21;0.1 min d'arc;Nouvelle candidate
10:13:18.64;-57:58:16.19;Pre 62;0.2 min d'arc;Nouvelle candidate
10:17:36.38;-62:53:10.67;St 18;1.9 min d'arc;Nouvelle candidate
10:18:52.21;-62:20:55.96;Ro Objet 1;0.4 min d'arc;Nouvelle candidate
10:22:26.60;-58:47:02.10;DeGaPe Objet 3;1.9 x 1.9 min d'arc;Nouvelle candidate
10:24:34.90;-59:56:05.80;Su Objet 6;0.3 x 0.2 min d'arc;Nouvelle candidate
10:26:12.66;-58:21:24.20;LDû Objet 10;0.5 min d'arc;Nouvelle candidate
10:29:20.40;-56:22:38.90;LDû 39;0.7 x 0.4 min d'arc;Nouvelle candidate
10:29:47.92;-59:58:41.65;St 32;0.1 min d'arc;Nouvelle candidate
10:33:19.09;+10:11:24.43;St 15;1 x 0.7 min d'arc;Nouvelle candidate
10:34:27.70;-59:28:48.30;Pa 169;0.1 min d'arc;Vraie NP
10:36:37.32;-58:18:05.95;MoMi 5;0.2 min d'arc;Nouvelle candidate
10:36:50.21;-61:34:37.92;Pre Objet 10;0.6 x 0.3 min d'arc;Nouvelle candidate
10:37:20.64;-58:59:43.04;St 21;0.2 min d'arc;Vraie NP
10:38:28.87;-62:19:27.00;Mo 13;1.8 x 1.6 min d'arc;Nouvelle candidate
10:39:12.45;-57:31:41.51;St 25;0.4 x 0.2 min d'arc;Nouvelle candidate
10:43:37.30;-52:19:02.60;Mo 27;5.0 x 3.0 min d'arc;Nouvelle candidate
10:46:50.51;-54:23:32.92;St 42;1.0 x 0.7 min d'arc;Nouvelle candidate
10:47:52.00;-58:56:20.60;Pre 20;0.1 min d'arc;NP Probable
10:47:55.90;-58:14:34.00;Pre 55;0.6 x 0.6 min d'arc;Nouvelle candidate
10:49:22.56;-53:09:20.87;St 51;0.7 x 0.5 min d'arc;Nouvelle candidate
10:50:25.00;-59:06:28.00;Pre 19;0.1 min d'arc;Nouvelle candidate
10:52:06.84;-53:31:26.70;LDû 44;0.3 x 0.2 min d'arc;Possible NP
10:54:07.00;-61:08:20.00;Ra 74;0.1 min d'arc;Nouvelle candidate
10:54:42.09;-58:02:52.80;LDû 43;1.8 x 1 min d'arc;Région HII
10:56:15.45;-61:28:26.02;St 52;0.1 min d'arc;Vraie NP
10:56:46.77;-59:30:08.56;Dr Objet 4;2.8 min d'arc;Objet de nature inconnue
10:57:33.23;-66:44:48.90;LDû Objet 9;1.6 x 0.9 min d'arc;Nouvelle candidate
10:57:43.36;-63:40:39.27;Mo 12;0.2 min d'arc;Nouvelle candidate
10:58:04.77;-67:00:49.80;LDû Objet 8;5 x 3 min d'arc;Nouvelle candidate
11:02:43.08;-76:17:28.23;Su Objet 3;2.5 x 0.4 min d'arc;Nouvelle candidate
11:07:38.24;-37:42:13.42;StDr 142;13 min d'arc;Nouvelle candidate
11:09:25.80;-61:04:09.30;DeGaPe 27;0.1 min d'arc;NP Probable
11:10:13.24;-60:31:57.90;Ras 1;0.2 x 0.1 min d'arc;Possible NP
11:11:50.99;-65:21:27.90;LDû 38;3.8 min d'arc;Nouvelle candidate
11:12:27.35;-59:58:38.00;Pre 43;0.7 x 0.5 min d'arc;Vraie NP
11:12:42.90;-58:21:04.00;Pre 44;1 min d'arc;Vraie NP
11:16:39.49;-45:31:15.60;Ras 3;0.1 min d'arc;Nouvelle candidate
11:16:58.00;-61:05:35.40;DeGaPe 4;0.1 min d'arc;Etoile avec raies en émission
11:19:05.09;-57:44:30.60;St 17;0.3 x 0.2 min d'arc;Nouvelle candidate
11:20:28.93;-54:04:09.28;Mo 28;2.1 x 1.5 min d'arc;Nouvelle candidate
11:22:31.16;-44:17:46.20;Ras 4;0.3 x 0.2 min d'arc;Nouvelle candidate
11:23:35.80;-64:39:25.50;Pa 170;0.1 min d'arc;Nouvelle candidate
11:24:07.44;-62:39:29.16;St 16;0.2 x 0.1 min d'arc;NP Probable
11:24:45.81;-61:50:02.40;Mul-LDu-IR 14;min d'arc;
11:24:48.51;-44:40:59.30;Ras 5;0.4 x 0.3 min d'arc;Nouvelle candidate
11:25:59.48;-45:34:32.20;Ras 6;0.1 min d'arc;Nouvelle candidate
11:26:02.53;-58:11:41.36;St 34;0.5 min d'arc;Nouvelle candidate
11:27:16.09;-53:24:53.10;LDû 42;0.8 min d'arc;Nouvelle candidate
11:28:54.66;-63:58:27.02;St Objet 14;0.2 min d'arc;Nouvelle candidate
11:31:11.95;-44:10:22.90;Ras Objet 3;0.4 x 0.3 min d'arc;Nouvelle candidate
11:32:16.50;-39:22:20.90;Pre 29;0.5 x 0.3 min d'arc;Nouvelle candidate
11:32:21.00;-63:03:31.70;Su 7;0.1 min d'arc;Etoile avec raies en émission possible
11:35:38.20;-48:21:10.00;Pre 3;0.8 min d'arc;Nouvelle candidate
11:36:10.02;-57:41:19.96;St 53;0.2 min d'arc;Nouvelle candidate
11:36:15.95;-10:52:44.00;LDû 11;1 min d'arc;Amas d'étoiles
11:36:21.77;-55:22:49.60;LDû 37;2.3 min d'arc;Nouvelle candidate
11:36:54.60;-56:46:53.38;St 54;1 x 0.5 min d'arc;Nouvelle candidate
11:40:38.77;-64:34:35.63;Mo 9;0.4 x 0.3 min d'arc;Nouvelle candidate
11:42:28.50;+13:00:13.40;Za Objet 1;1 x 0.7 min d'arc;Nouvelle candidate
11:42:41.88;-60:27:28.02;Dr 8;0.3 min d'arc;Nouvelle candidate
11:49:08.40;-70:20:31.00;Pre 33;0.4 x 0.2 min d'arc;Nouvelle candidate
11:49:43.70;-63:58:50.80;PaMo 1;0.1 min d'arc;NP Probable
11:50:12.40;-58:22:04.28;Ra 75;0.1 min d'arc;Nouvelle candidate
11:50:17.10;-64:12:14.10;DeGaPe 61;0.1 min d'arc;Etoile avec raies en émission
11:51:09.38;-44:06:11.30;Ras 7;0.9 x 0.7 min d'arc;Nouvelle candidate
11:51:28.73;-45:33:50.10;Ras 8;0.3 min d'arc;Nouvelle candidate
11:52:14.90;-45:12:22.60;Ras 9;0.2 x 0.1 min d'arc;Nouvelle candidate
11:52:26.65;-59:59:56.30;Pre 54;0.2 x 0.1 min d'arc;NP Probable
11:53:33.19;-62:21:26.64;Dr 12;0.1 min d'arc;Galaxie
11:54:46.04;-59:31:50.50;Pre 51;0.1 min d'arc;Nouvelle candidate
11:58:05.00;-60:48:09.30;Mul-LDu-IR 20;min d'arc;
11:59:56.08;-68:02:17.97;Mo 30;1.0 x 0.7 min d'arc;Nouvelle candidate
12:04:00.23;-61:46:47.21;StDr Objet 10;0.2 x 0.1 min d'arc;Nouvelle candidate
12:08:17.51;-59:50:59.76;Mo 31;1.9 min d'arc;Nouvelle candidate
12:08:40.48;-58:49:47.16;Pre 61;0.1 min d'arc;Nouvelle candidate
12:09:10.24;-58:46:00.61;Pre 59;0.4 min d'arc;Vraie NP
12:09:48.48;-61:32:02.43;St 35;1 min d'arc;Nouvelle candidate
12:10:53.00;-64:17:25.00;Pre 41;0.1 min d'arc;Possible NP
12:11:06.97;-56:50:46.17;StDr 22;0.9 min d'arc;Nouvelle candidate
12:11:57.66;-69:48:33.40;Bic 2;0.2 min d'arc;Vraie NP
12:12:05.11;-67:45:31.68;St 22;0.3 min d'arc;Vraie NP
12:12:31.80;-64:12:52.00;PrePa 1;1 min d'arc;NP Probable
12:15:05.10;-55:56:16.90;Pa Objet 1;0.1 min d'arc;Nouvelle candidate
12:15:14.20;-56:43:32.20;Pa 171;1.2 min d'arc;Nouvelle candidate
12:15:44.30;-57:58:17.60;Pa 172;0.1 min d'arc;Nouvelle candidate
12:16:17.49;-57:22:25.66;Pre 63;0.4 min d'arc;Nouvelle candidate
12:19:15.16;-63:23:23.34;St 39;0.1 min d'arc;Nouvelle candidate
12:20:37.73;-67:14:49.00;Ra 76;0.1 min d'arc;Nouvelle candidate
12:22:44.76;-63:02:21.01;Mul Objet 3;0.1 min d'arc;Possible NP
12:26:29.00;-63:18:59.00;Ra 77;0.2 min d'arc;Nouvelle candidate
12:26:32.07;-44:21:11.61;StDr 127;0.7 min d'arc;NP Probable
12:30:31.73;-64:57:28.73;Sl 4;1.4 min d'arc;NP Probable
12:32:17.77;-67:20:30.80;St 26;0.5 min d'arc;Nouvelle candidate
12:33:04.80;-62:13:29.00;Pre 39;0.1 min d'arc;Nouvelle candidate
12:33:09.61;-63:16:00.11;St 55;0.1 min d'arc;NP Probable
12:33:50.04;-35:26:18.67;Jonk Objet 1;2.2 x 0.5 min d'arc;Nouvelle candidate
12:34:52.28;-61:47:01.19;Mo Objet 16;0.2 min d'arc;Nouvelle candidate
12:39:34.82;-62:32:30.00;Mo 11;1.0 x 0.6 min d'arc;Région HII
12:42:15.23;-60:46:4.18;St 43;1.1 x 0.8 min d'arc;Nouvelle candidate
12:43:10.06;-60:35:06.90;Mo Objet 4;1.6 x 1.0 min d'arc;Nouvelle candidate
12:45:57.64;-60:00:03.85;Pre 66;0.3 min d'arc;Nouvelle candidate
12:50:37.90;-63:54:56.40;Pa 173;0.1 min d'arc;Vraie NP
12:51:02.28;-65:18:59.93;Pre Objet 8;2.7 x 0.1 min d'arc;Nouvelle candidate
12:58:00.36;-59:27:07.38;StDr 10;2 min d'arc;Nouvelle candidate
12:58:50.60;-64:48:34.40;Pre 22;0.1 min d'arc;Vraie NP
12:59:28.79;-66:32:48.50;St 20;0.2 min d'arc;Nouvelle candidate
12:59:39.52;-38:42:34.20;StDr 151;54 min d'arc;Nouvelle candidate
12:59:45.00;-54:40:52.00;Pre 23;3.2 min d'arc;Nouvelle candidate
13:06:24.85;-36:56:11.58;StDr 152;10 min d'arc;Nouvelle candidate
13:07:27.38;-64:43:47.91;St 56;0.5 min d'arc;Nouvelle candidate
13:13:40.40;-63:20:44.10;DeGaPe 9;0.1 min d'arc;Etoile
13:13:45.74;-63:33:44.17;Pre 65;0.3 min d'arc;Nouvelle candidate
13:16:14.16;-61:04:44.50;St 49;0.1 min d'arc;Nouvelle candidate
13:22:24.99;-58:52:01.03;StDr 9;4.4 x 3.3 min d'arc;Nouvelle candidate
13:24:04.50;-60:36:32.00;Pre Objet 7;0.3 x 0.1 min d'arc;Possible proto NP
13:25:01.44;-58:41:39.78;Pre 56;0.7 min d'arc;Nouvelle candidate
13:27:47.46;-61:39:12.44;Mo 24;0.4 x 0.3 min d'arc;Nouvelle candidate
13:28:44.30;-61:41:07.71;Mo 10;0.4 x 0.3 min d'arc;Nouvelle candidate
13:29:26.42;-63:40:36.83;StDr 23;0.1 min d'arc;Vraie NP
13:30:37.40;-64:42:40.61;Ra 78;0.1 min d'arc;Nouvelle candidate
13:30:42.87;-62:01:57.29;StDr 105;0.1 min d'arc;Nouvelle candidate
13:31:54.29;-64:12:33.70;Su 5;0.1 min d'arc;Vraie NP
13:34:21.57;-63:21:00.60;Mul-LDu-IR 15;min d'arc;
13:35:16.00;-62:36:02.00;Fe 10;0.1 min d'arc;Nouvelle candidate
13:38:32.35;-64:17:43.12;St 57;0.1 min d'arc;Nouvelle candidate
13:39:45.40;-62:15:50.80;DeGaPe 60;0.1 min d'arc;Nouvelle candidate
13:40:34.42;-65:47:46.00;StDr 69;1.65 min d'arc;Nouvelle candidate
13:41:30.30;-65:12:25.90;Mul-IR 51;min d'arc;
13:41:30.49;-65:12:26.00;Mul-LDu-IR 6;min d'arc;
13:42:22.20;-63:45:34.00;Pa 174;0.1 min d'arc;Nouvelle candidate
13:44:14.60;-62:47:01.70;DeGaPe 63;2.3 x 1.3 min d'arc;Possible NP
13:51:44.10;-59:20:16.00;Mul-IR 52;min d'arc;
13:58:25.94;-60:57:50.30;Mo 37;0.1 min d'arc;Nouvelle candidate
14:02:15.76;-60:07:34.06;Tan 5;0.1 min d'arc;NP Probable
14:10:43.90;-58:17:12.00;Mul-IR 53;min d'arc;
14:13:53.98;-62:30:26.91;Mo 38;0.1 min d'arc;Nouvelle candidate
14:16:01.83;-62:04:18.50;Dr 16;0.2 min d'arc;Nouvelle candidate
14:16:11.40;-63:30:20.60;Pa 175;0.1 min d'arc;Nouvelle candidate
14:16:48.38;-58:50:37.73;Pre 60;0.1 min d'arc;Nouvelle candidate
14:17:23.80;-59:55:22.00;Mul-IR 54;min d'arc;
14:18:15.90;-45:56:21.00;Or 5;0.3 min d'arc;Galaxie
14:20:40.01;-61:56:26.55;Mo 34;0.1 min d'arc;Nouvelle candidate
14:28:19.00;-58:36:46.00;Mul-IR 55;min d'arc;
14:29:32.37;-63:15:57.18;StDr 70;1.33 min d'arc;Nouvelle candidate
14:30:37.18;-58:09:40.00;Sl 1;0.1 min d'arc;NP Probable
14:30:44.35;-58:15:38.51;St 58;0.1 min d'arc;Vraie NP
14:30:47.74;-66:01:18.30;Su Objet 8;0.2 x 0.1 min d'arc;Possible NP
14:31:53.00;-61:02:07.20;Tan 4;0.3 x 0.1 min d'arc;Objet intéressant
14:32:22.97;-58:12:04.45;St 59;0.2 min d'arc;Vraie NP
14:36:22.20;-61:21:13.10;Pa 176;0.1 min d'arc;Nouvelle candidate
14:37:10.21;-58:34:08.37;Dr 15;9.4 x 7.6 min d'arc;Nouvelle candidate
14:40:52.64;-59:10:06.17;St Objet 8;0.4 min d'arc;NP Probable
14:42:24.97;-61:42:10.66;Dr Objet 3;0.7 x 0.1 min d'arc;Objet de nature inconnue
14:48:23.77;-60:45:28.67;Ro 6;0.3 x 0.2 min d'arc;Nouvelle candidate
14:48:37.00;-58:54:51.00;Pre 73;0.1 min d'arc;Nouvelle candidate
14:48:49.50;-60:52:31.90;St 60;0.1 min d'arc;Nouvelle candidate
14:50:27.55;-58:47:33.02;Ro 3;0.1 min d'arc;Nouvelle candidate
14:52:02.71;-58:8:45.26;Mo Objet 9;0.9 x 0.8 min d'arc;Nouvelle candidate
14:52:06.55;-58:44:03.00;Mul-IR 56;min d'arc;
14:52:06.55;-58:44:03.00;MulPre 2;0.1 min d'arc;NP Probable
14:55:15.30;-47:27:40.00;Pre 28;0.5 x 0.4 min d'arc;Matière circumstellaire
14:55:28.61;-30:41:56.66;PaStDr Objet 1;15.5 min d'arc;Nouvelle candidate
14:55:37.50;-57:28:02.20;Pa 177;0.1 min d'arc;Nouvelle candidate
14:57:10.32;-58:03:36.55;Dr 6;0.1 min d'arc;Vraie NP
14:58:57.78;-57:53:39.28;Mo Objet 2;0.3 min d'arc;Nouvelle candidate
14:59:12.10;-01:05:56.06;Su 6;0.1 min d'arc;Nouvelle candidate
14:6:51.86;-54:07:42.45;Dr 18;2 min d'arc;Nouvelle candidate
15:01:03.20;-81:24:45.50;PaMor 2;0.5 min d'arc;NP Probable
15:01:47.90;-57:22:59.70;Pa 178;0.1 min d'arc;Etoile avec raies en émission
15:02:07.31;-57:25:21.12;Pre 67;0.1 min d'arc;NP Probable
15:03:16.90;-57:07:19.70;Ra 71;0.1 min d'arc;Nouvelle candidate
15:06:10.60;-59:18:19.20;PrePa 2;0.1 min d'arc;Nouvelle candidate
15:06:18.60;-61:04:22.00;Pre 37;0.1 min d'arc;Vraie NP
15:07:35.40;-55:44:54.00;Mul-IR 57;min d'arc;
15:08:31.00;-56:33:01.00;Pa 179;0.1 min d'arc;Possible NP
15:08:56.40;-59:33:16.00;PrePa 3;0.1 min d'arc;Vraie NP
15:13:31.22;-56:32:42.10;Ras 2;2.3 min d'arc;Nouvelle candidate
15:13:35.20;-59:53:12.60;DeGaPe 42;0.1 min d'arc;Nouvelle candidate
15:13:54.00;-57:11:51.23;Dr 7;0.2 min d'arc;Vraie NP
15:15:03.78;-59:11:42.20;DeGaPe 37;0.1 min d'arc;Nouvelle candidate
15:15:59.54;-59:57:30.60;DeGaPe 41;0.1 min d'arc;Etoile avec raies en émission
15:16:04.30;-58:49:16.00;DeGaPe 34;0.1 min d'arc;Etoile
15:16:04.92;-59:18:09.50;DeGaPe 36;0.1 min d'arc;Nouvelle candidate
15:17:45.49;-61:56:31.60;Dr 9;0.2 min d'arc;Vraie NP
15:17:59.50;-62:18:33.90;DeGaPe 62;0.1 min d'arc;Candidate étoile symbiotique
15:18:32.75;-52:38:22.50;Dr 17;1 min d'arc;Nouvelle candidate
15:19:45.00;-59:41:58.90;DeGaPe 39;0.1 min d'arc;Etoile avec raies en émission
15:20:01.59;-59:40:38.80;DeGaPe 38;0.1 min d'arc;Etoile avec raies en émission
15:20:04.55;-52:17:32.39;Dr Objet 1;0.4 x 0.2 min d'arc;Nouvelle candidate
15:20:18.10;-59:28:12.10;DeGaPe 40;0.1 min d'arc;Etoile avec raies en émission
15:21:08.20;-60:04:06.90;DeGaPe 43;0.1 min d'arc;Etoile avec raies en émission
15:21:18.10;-59:00:34.20;DeGaPe 35;0.1 min d'arc;Etoile symbiotique
15:23:49.00;-59:40:50.30;Pa 181;0.1 min d'arc;Nouvelle candidate
15:25:55.06;-57:12:59.45;Ro 7;0.1 min d'arc;Nouvelle candidate
15:28:14.78;-56:03:10.04;Ro 8;0.1 min d'arc;Nouvelle candidate
15:28:21.90;-58:58:27.96;StDrLu 2;0.1 min d'arc;Nouvelle candidate
15:30:22.43;-61:01:49.68;StDrLu 8;0.18 min d'arc;Nouvelle candidate
15:33:00.03;-58:49:42.40;Mo 26;0.2 min d'arc;Nouvelle candidate
15:33:25.10;-59:27:05.65;StDrLu 3;1.2 min d'arc;Nouvelle candidate
15:33:26.50;-56:17:19.30;Mul-IR 58;min d'arc;
15:33:26.69;-56:17:17.80;MulPre 3;0.1 min d'arc;Nouvelle candidate
15:33:28.80;-54:56:20.00;StDr 50;8.5 x 6.0 min d'arc;Nouvelle candidate
15:34:03.60;-54:09:43.00;Mul-IR 59;min d'arc;
15:35:12.55;-54:19:23.80;Mul-IR 60;min d'arc;
15:35:25.53;-57:40:34.66;Ro 2;0.3 min d'arc;NP Probable
15:35:31.44;-60:55:51.60;StDrLu 4;0.3 min d'arc;Nouvelle candidate
15:36:04.32;-61:05:05.62;StDrLu 5;3 x 4.2 min d'arc;Nouvelle candidate
15:36:33.44;-57:18:04.33;St 61;0.1 min d'arc;Amas d'étoiles
15:37:58.37;-60:46:34.78;StDr 145;2.3 min d'arc;Nouvelle candidate
15:38:04.13;-59:35:25.36;StDrLu 1;8 min d'arc;NP Probable
15:38:08.39;-61:05:09.30;StDrLuLDu 1;0.3 min d'arc;Nouvelle candidate
15:40:01.40;-55:43:24.80;Ro 9;0.1 min d'arc;Nouvelle candidate
15:41:16.09;-17:16:39.30;LDu-IR 13;min d'arc;
15:41:47.52;-60:27:57.60;StDrLu 6;1.2 min d'arc;Nouvelle candidate
15:42:27.25;-56:28:04.20;St 44;0.1 min d'arc;Vraie NP
15:44:33.25;-61:26:33.16;Mul 12;0.1 min d'arc;Nouvelle candidate
15:46:03.76;-64:43:57.52;PaStDr 4;8 min d'arc;ISM ionisé
15:46:10.00;-61:41:21.89;StDrLu 7;1.3 min d'arc;Nouvelle candidate
15:46:56.95;-55:39:21.43;St 65;0.1 min d'arc;Nouvelle candidate
15:52:06.60;-51:38:12.00;Pre 47;0.1 min d'arc;Nouvelle candidate
15:53:37.96;-57:02:08.30;PreDr 1;0.2 x 0.1 min d'arc;Vraie NP
15:57:10.40;-57:13:19.00;Mul-IR 61;min d'arc;
15:57:10.90;-57:13:20.40;MulPa 1;0.1 min d'arc;Nouvelle candidate
15:58:57.44;-51:30:23.00;Pre 45;0.1 min d'arc;Nouvelle candidate
16:01:25.00;+38:03:00.00;PaGo 1;20 min d'arc;Possible NP
16:01:31.96;-61:59:57.81;StDr 167;1.2 min d'arc;Vraie NP
16:02:03.48;-61:58:01.06;StDr 174;7.5 x 5 min d'arc;
16:07:35.89;-53:01:11.30;Tan 3;0.1 min d'arc;Vraie NP
16:07:46.64;-45:33:11.20;StDr 41;4 min d'arc;Nouvelle candidate
16:14:32.59;-47:14:01.90;Ra 79;0.1 min d'arc;Nouvelle candidate
16:15:31.85;-49:01:28.14;Mo 23;0.1 min d'arc;Nouvelle candidate
16:15:36.31;-52:34:03.70;St 28;0.1 min d'arc;Vraie NP
16:16:15.92;-49:26:48.80;Mul-IR 62;0.1 min d'arc;NP Probable
16:16:24.63;-50:40:41.51;Mul 15;0.1 min d'arc;NP Probable
16:16:28.65;-49:11:33.40;StDr 106;2 min d'arc;Nouvelle candidate
16:19:03.30;-51:42:09.30;DeGaPe 64;0.1 min d'arc;Vraie NP
16:20:31.10;-48:35:36.28;StRas 1;0.3 min d'arc;Nouvelle candidate
16:20:59.70;-30:13:43.00;Mul-IR 91;min d'arc;
16:23:35.00;-50:56:56.70;Kan 5;0.3 min d'arc;Possible NP
16:24:22.56;-56:54:04.82;Mo 32;0.4 min d'arc;Nouvelle candidate
16:27:00.01;-45:49:44.31;St 24;0.2 min d'arc;Vraie NP
16:28:20.51;-47:10:20.55;St 62;0.5 min d'arc;Nouvelle candidate
16:28:23.03;-50:17:42.19;Pre 69;0.5 x 0.4 min d'arc;Nouvelle candidate
16:29:08.30;-50:13:15.80;DeGaPe 22;0.1 min d'arc;NP Probable
16:29:19.11;-46:48:31.80;StDr 170;0.1 min d'arc;Nouvelle candidate
16:30:09.60;-50:52:15.20;Pa 182;0.1 min d'arc;Nouvelle candidate
16:30:21.00;-49:41:11.10;DeGaPe 17;0.1 min d'arc;Etoile
16:33:01.10;-50:10:56.10;DeGaPe 20;0.1 min d'arc;Etoile
16:33:12.70;-45:13:44.00;Mul-IR 63;min d'arc;
16:33:21.50;-46:10:41.00;Mul-IR 64;min d'arc;
16:33:26.18;-48:31:59.69;St Objet 5;0.4 min d'arc;Possible NP
16:34:08.40;-49:16:26.00;DeGaPe 16;0.1 min d'arc;Etoile
16:34:51.00;-49:46:29.10;DeGaPe 19;0.1 min d'arc;Etoile
16:35:08.00;-48:46:22.70;DeGaPe 21;0.2 x 0.1 min d'arc;Objet intéressant
16:36:23.41;-53:03:10.52;StRas 3;0.4 min d'arc;Nouvelle candidate
16:38:00.79;-35:42:09.10;Mul-IR 92;min d'arc;
16:38:10.50;-48:50:54.90;DeGaPe 23;0.1 min d'arc;Nouvelle candidate
16:38:25.70;-49:32:02.50;DeGaPe 18;0.1 min d'arc;Nouvelle candidate
16:39:21.47;-44:42:05.71;St 63;0.1 min d'arc;Nouvelle candidate
16:40:22.20;-49:32:56.40;DeGaPe 14;0.1 min d'arc;Nouvelle candidate
16:40:34.60;-49:19:22.90;DeGaPe 13;0.1 min d'arc;Etoile
16:42:20.23;-45:22:40.10;Ra 80;0.1 min d'arc;Nouvelle candidate
16:42:48.70;-45:54:05.00;Pre 40;0.1 min d'arc;Nouvelle candidate
16:43:23.33;-42:39:22.56;StDr 71;0.1 min d'arc;Nouvelle candidate
16:43:24.63;-40:04:31.63;Pre Objet 9;2 x 1.7 min d'arc;Nouvelle candidate
16:43:25.80;-40:26:53.60;DeGaPe 45;0.1 min d'arc;Nouvelle candidate
16:44:12.10;-41:12:08.50;DeGaPe 47;0.1 min d'arc;Nouvelle candidate
16:44:23.07;-60:05:38.89;Pre 70;4 x 3 min d'arc;Nouvelle candidate
16:45:31.30;-47:57:44.70;DeGaPe 8;0.1 min d'arc;Nouvelle candidate
16:45:38.30;-48:45:09.00;DeGaPe 12;0.1 min d'arc;Nouvelle candidate
16:45:45.10;-47:59:22.90;DeGaPe 7;0.1 min d'arc;Nouvelle candidate
16:46:01.00;-48:10:02.30;Pa 183;0.1 min d'arc;Nouvelle candidate
16:46:11.73;-47:37:04.30;DeGaPe 5;0.1 min d'arc;Etoile avec raies en émission
16:46:53.20;-40:17:57.00;DeGaPe 44;0.1 min d'arc;Nouvelle candidate
16:47:05.60;-40:58:59.40;DeGaPe 46;0.1 min d'arc;Nouvelle candidate
16:47:15.49;-50:14:58.90;St 64;0.1 min d'arc;Vraie NP
16:48:06.95;-48:01:26.40;LDû 33;0.1 min d'arc;Nouvelle candidate
16:49:01.70;-49:07:01.00;DeGaPe 11;0.1 min d'arc;Nouvelle candidate
16:49:08.50;-52:22:48.00;Pre 26;1.6 x 1.4 min d'arc;Nouvelle candidate
16:50:01.50;-49:30:51.56;Sl 2;0.5 x 0.4 min d'arc;Nouvelle candidate
16:50:07.00;-47:37:57.00;DeGaPe Objet 1;7.1 x 4.6 min d'arc;Région HII
16:50:27.70;-48:50:37.00;DeGaPe 10;0.1 min d'arc;Nouvelle candidate
16:50:32.40;-47:42:29.30;DeGaPe 6;0.1 min d'arc;Nouvelle candidate
16:50:46.00;-49:58:22.50;DeGaPe 15;0.1 min d'arc;Etoile
16:51:41.96;-42:3:39.12;St 23;0.4 x 0.3 min d'arc;Nouvelle candidate
16:52:15.02;-40:35:48.51;Mo 5;0.7 min d'arc;Région HII
16:52:59.60;-40:30:46.30;DeGaPeKn 2;0.1 min d'arc;Objet de nature inconnue
16:53:31.33;-40:28:43.70;DeGaPeKn 1;0.1 min d'arc;Vraie NP
16:54:17.69;-52:09:36.44;Mo 33;2.0 x 1.3 min d'arc;Nouvelle candidate
16:56:15.10;-40:36:43.10;Pre 11;0.1 min d'arc;Nouvelle candidate
16:56:33.60;-44:09:47.00;DeGaPe Objet 4;0.9 x 0.4 min d'arc;Nouvelle candidate
16:56:54.60;-41:28:24.00;Pre 38;0.1 min d'arc;Nouvelle candidate
16:57:11.10;-26:32:58.69;Mo 39;0.1 min d'arc;Nouvelle candidate
16:59:10.50;-34:22:05.00;Mul-IR 50;min d'arc;
16:59:29.00;-39:15:00.90;PreRo 2;0.1 min d'arc;Nouvelle candidate
16:59:36.91;-35:30:21.14;Pre 57;0.2 min d'arc;Vraie NP
16:59:53.48;-44:27:42.80;Mul-IR 1;min d'arc;
16:59:54.59;-41:20:42.4;StRo 1;0.1 min d'arc;Nouvelle candidate
17:00:19.93;-41:50:41.70;Dr Objet 5;0.5 x 0.4 min d'arc;Nouvelle candidate
17:00:48.08;-37:52:46.16;St 19;0.2 min d'arc;Vraie NP
17:01:02.00;-49:09:09.70;Pa 184;0.1 min d'arc;Nouvelle candidate
17:01:03.72;-38:30:39.70;Pre 42;0.1 min d'arc;Vraie NP
17:01:10.21;-41:07:03.70;St 40;0.1 min d'arc;Nouvelle candidate
17:01:18.25;-36:52:22.00;Pre 46;0.3 min d'arc;Vraie NP
17:01:44.30;-35:56:36.57;St 27;0.1 min d'arc;Nouvelle candidate
17:02:14.80;-38:30:32.00;Mul-IR 2;min d'arc;
17:02:40.86;-20:43:04.20;StDr 107;0.1 min d'arc;Nouvelle candidate
17:03:58.20;-34:11:56.40;Pre 49;0.2 min d'arc;Nouvelle candidate
17:05:29.65;-47:01:47.80;Pa 185;0.1 min d'arc;Nouvelle candidate
17:06:01.50;-36:02:49.00;Mul-IR 39;min d'arc;
17:06:13.32;-37:50:46.00;StDr Objet 23;0.1 min d'arc;Nouvelle candidate
17:06:37.20;-48:05:26.50;Pa 186;0.1 min d'arc;Nouvelle candidate
17:06:59.84;-47:59:05.40;Pa 187;0.1 min d'arc;Nouvelle candidate
17:07:17.28;-42:47:23.94;Sl 3;0.83 min d'arc;NP Probable
17:07:21.15;-27:21:41.50;Ra 44;0.1 min d'arc;Nouvelle candidate
17:07:52.70;-37:59:03.00;Mul-IR 40;min d'arc;
17:08:09.47;-25:02:41.88;StDr 147;50.5 min d'arc;Nouvelle candidate
17:09:23.78;-46:16:40.90;Pa 205;0.1 min d'arc;Nouvelle candidate
17:10:32.75;-39:47:36.84;Dr 4;0.7 x 0.6 min d'arc;Objet de nature inconnue
17:10:56.81;-43:40:06.03;Mo Objet 8;0.2 min d'arc;Nouvelle candidate
17:11:29.02;-34:35:05.30;StDr Objet 24;0.1 min d'arc;Nouvelle candidate
17:11:42.02;-40:35:27.60;Mo 16;0.3 min d'arc;Nouvelle candidate
17:13:18.10;-34:31:42.00;DeGaPe 69;0.1 min d'arc;Nouvelle candidate
17:13:36.40;-33:47:49.50;DeGaPe 67;0.1 min d'arc;Nouvelle candidate
17:15:04.00;-36:56:30.00;Mul-IR 88;min d'arc;
17:15:37.80;-36:14:36.70;Pre 27;0.1 min d'arc;Nouvelle candidate
17:16:00.00;-33:31:24.30;DeGaPe 66;0.1 min d'arc;Etoile avec raies en émission
17:16:13.41;-30:39:04.50;StDr 134;2.6 min d'arc;Nouvelle candidate
17:16:23.71;-33:57:16.80;CA 3;0.1 min d'arc;Nouvelle candidate
17:16:41.77;-34:46:04.90;PreRo 1;0.2 min d'arc;Nouvelle candidate
17:16:45.91;-34:46:52.40;Ro 1;0.3 min d'arc;Nouvelle candidate
17:16:48.57;-34:05:07.30;CA 2;0.1 min d'arc;Nouvelle candidate
17:16:54.79;-34:02:30.20;CA 4;0.1 min d'arc;Nouvelle candidate
17:17:12.68;-48:31:56.79;St 31;0.5 min d'arc;Nouvelle candidate
17:17:47.90;-44:46:37.20;LDu-IR 6;min d'arc;
17:17:53.98;-34:16:04.60;CA 5;0.1 min d'arc;Nouvelle candidate
17:18:01.92;-34:21:20.00;CA 1;0.1 min d'arc;Nouvelle candidate
17:18:07.28;-37:53:37.60;Ro 4;0.1 min d'arc;Nouvelle candidate
17:18:21.00;-34:16:34.80;Pre 12;0.1 min d'arc;Nouvelle candidate
17:18:25.41;-68:54:23.60;LDû 9;0.7 x 0.6 min d'arc;Galaxie ?
17:18:26.80;-33:36:31.00;DeGaPe 65;0.1 min d'arc;Nouvelle candidate
17:18:34.81;-38:48:58.40;Mul-IR 3;min d'arc;
17:18:46.30;-34:39:21.60;Pre 10;0.1 x 0.2 min d'arc;Nouvelle candidate
17:19:51.44;-38:09:41.03;Pre 68;0.1 min d'arc;Possible NP
17:20:19.20;-41:56:35.00;Mul-IR 65;0.1 min d'arc;NP Probable
17:20:36.39;-38:12:49.79;PreMo 2;0.1 min d'arc;Vraie NP
17:21:11.80;-35:00:43.50;DeGaPe 68;0.1 min d'arc;Nouvelle candidate
17:21:54.80;-32:33:44.40;Mo 3;0.2 x 0.1 min d'arc;Nouvelle candidate
17:22:10.00;-32:48:18.40;Kan 6;0.2 min d'arc;Nouvelle candidate
17:22:13.64;-40:54:42.54;StDr 72;0.1 min d'arc;Nouvelle candidate
17:22:17.81;-28:25:35.90;Mul-IR 4;min d'arc;
17:22:32.28;-28:22:12.00;StDr 73;0.16 min d'arc;Possible NP
17:22:46.58;-43:09:36.13;Pa 206;0.1 min d'arc;Nouvelle candidate
17:23:46.39;-13:59:44.40;Ra 62;0.1 min d'arc;Nouvelle candidate
17:24:29.66;-31:37:40.70;Mo 1;0.1 x 0.2 min d'arc;Nouvelle candidate
17:25:12.07;-37:52:59.85;Mo Objet 12;2 x 0.3 min d'arc;Nouvelle candidate
17:25:48.00;-39:26:32.20;Pa 188;0.1 min d'arc;Nouvelle candidate
17:26:12.90;-33:10:37.60;PreFe 1;0.1 min d'arc;Nouvelle candidate
17:26:36.30;-23:26:39.00;Pre 16;0.2 x 0.1 min d'arc;Vraie NP
17:27:19.27;-24:44:04.10;Pa 189;0.1 min d'arc;Nouvelle candidate
17:27:59.36;-44:22:32.18;Pa Objet 2;0.1 min d'arc;Nouvelle candidate
17:27:59.90;-32:54:10.10;Pa 190;0.1 min d'arc;Nouvelle candidate
17:28:00.21;-31:43:36.00;StDr 74;0.1 min d'arc;Nouvelle candidate
17:28:03.34;-56:59:21.68;Pre 72;9.3 x 5 min d'arc;Nouvelle candidate
17:28:27.56;-19:35:15.14;Pa 207;0.1 min d'arc;Nouvelle candidate
17:28:47.38;-22:03:11.60;Mo 20;0.1 min d'arc;Nouvelle candidate
17:29:07.98;-33:16:30.46;Pa 192;1.2 x 0.9 min d'arc;Nouvelle candidate
17:29:45.20;-33:50:30.40;DeGaPe 25;0.1 min d'arc;Nouvelle candidate
17:29:55.88;-51:05:03.25;Pre Objet 11;0.4 min d'arc;Nouvelle candidate
17:30:12.24;-32:09:03.60;Mo 7;0.1 min d'arc;Nouvelle candidate
17:30:40.10;-39:39:40.45;Pa 208;0.1 min d'arc;Nouvelle candidate
17:32:10.41;-56:13:19.80;Pre Objet 13;5.8 x 2.7 min d'arc;Nouvelle candidate
17:32:11.17;-21:50:02.27;Mul-IR 20;min d'arc;
17:32:28.97;-33:59:03.30;StDr 108;0.1 min d'arc;Nouvelle candidate
17:33:06.77;-34:38:16.20;Ra 72;0.1 min d'arc;Nouvelle candidate
17:33:28.85;-34:05:55.78;Dr 10;0.1 min d'arc;Nouvelle candidate
17:33:48.64;-15:26:27.50;Pre 32;0.1 min d'arc;Nouvelle candidate
17:33:54.80;-34:29:41.40;Pre 4;0.1 min d'arc;Nouvelle candidate
17:34:02.74;-40:32:45.60;Pa 193;0.1 min d'arc;Nouvelle candidate
17:34:24.90;-38:49:25.00;Pa 209;0.1 min d'arc;Nouvelle candidate
17:35:18.04;-26:30:03.60;Mul-IR 21;min d'arc;
17:36:29.20;+17:40:39.00;Mul-LDu-IR 9;min d'arc;
17:37:16.15;-30:14:10.70;StDr 75;0.1 min d'arc;NP Probable
17:37:37.00;-44:16:26.00;Pa Objet 5;0.1 min d'arc;Nouvelle candidate
17:38:06.40;-33:35:45.00;Pre 52;0.1 min d'arc;Nouvelle candidate
17:38:20.45;-21:40:28.40;Pa 194;0.1 min d'arc;Nouvelle candidate
17:38:28.70;-36:16:45.06;St 29;0.2 min d'arc;Nouvelle candidate
17:39:33.08;-24:48:44.90;Pa 195;0.1 min d'arc;Nouvelle candidate
17:39:43.80;-42:00:41.00;Mul-IR 66;min d'arc;
17:40:12.27;-32:19:21.81;PreRo 4;0.1 min d'arc;Nouvelle candidate
17:40:24.30;-32:20:16.21;Mul Objet 8;0.1 min d'arc;Nouvelle candidate
17:40:49.50;-34:51:58.00;Pa Objet 3;0.1 min d'arc;Nouvelle candidate
17:41:25.46;-29:51:34.00;Kan 2;0.1 min d'arc;Nouvelle candidate
17:41:38.30;-24:14:41.00;Mul-IR 22;min d'arc;
17:41:52.43;-26:19:12.70;StDr 76;0.1 min d'arc;Nouvelle candidate
17:42:10.95;-27:01:20.80;StDr 77;0.1 min d'arc;Possible NP
17:42:24.44;-32:57:03.47;Ro 10;0.1 min d'arc;Nouvelle candidate
17:42:32.40;-18:09:44.20;Ra 61;0.1 min d'arc;NP Probable
17:42:47.92;-13:42:57.80;Mo 25;0.1 min d'arc;Nouvelle candidate
17:42:53.92;-34:09:01.80;Pre 17;0.1 min d'arc;Vraie NP
17:43:44.70;-32:26:03.70;Ra 81;0.1 min d'arc;Nouvelle candidate
17:44:02.13;-31:06:48.00;Kan 7;0.1 min d'arc;Nouvelle candidate
17:44:15.30;+22:36:26.80;PaGo 2;10 min d'arc;NP Probable
17:45:17.72;-31:44:46.20;Mul 18;0.1 min d'arc;Possible NP
17:46:49.48;-32:05:32.50;Pa 196;0.1 min d'arc;Nouvelle candidate
17:47:40.29;-25:04:55.70;Kan 1;0.1 min d'arc;Nouvelle candidate
17:47:52.13;-32:09:50.44;Pre 64;0.3 min d'arc;Nouvelle candidate
17:47:59.90;-26:12:38.30;PaMo 2;0.1 min d'arc;Nouvelle candidate
17:48:08.57;-25:56:11.70;StDr 78;0.1 min d'arc;Possible NP
17:48:12.01;-10:43:03.54;Mo 18;0.1 min d'arc;Nouvelle candidate
17:49:40.67;-25:26:21.70;StDr 79;0.1 min d'arc;NP Probable
17:52:08.56;-28:23:37.88;St 66;0.1 min d'arc;Vraie NP
17:53:06.15;-26:34:07.50;LDû 36;1 min d'arc;NP Probable
17:54:06.46;-27:02:07.50;Mul-IR 5;min d'arc;
17:54:36.70;-37:59:45.90;Pa 198;0.1 min d'arc;Nouvelle candidate
17:54:45.62;-30:25:39.48;Pa Objet 4;0.2 min d'arc;Nouvelle candidate
17:55:24.00;-37:00:34.00;Pa 199;0.1 min d'arc;Nouvelle candidate
17:55:40.60;-21:55:54.00;PreMo 3;0.1 min d'arc;Nouvelle candidate
17:55:50.16;-27:14:09.30;EMol 2;0.1 min d'arc;Nouvelle candidate
17:56:29.30;-31:56:43.90;Pa 200;0.1 min d'arc;Nouvelle candidate
17:56:29.64;-07:22:48.91;KinPau 1;20 x 7.5 min d'arc;Nouvelle candidate
17:56:40.23;-27:11:18.78;PreRo 3;0.1 min d'arc;Nouvelle candidate
17:56:52.20;-19:33:01.20;Pre 14;0.1 min d'arc;Possible NP
17:57:53.30;-12:55:38.00;Mul-IR 47;min d'arc;
17:58:12.22;-28:34:36.83;Mul 11;0.1 min d'arc;Vraie NP
17:58:23.27;-21:50:28.60;EMol 3;0.1 min d'arc;Nouvelle candidate
17:58:40.73;-30:10:02.20;Pa 201;0.1 min d'arc;Vraie NP
17:59:19.67;-17:47:14.90;Pre 58;0.5 min d'arc;Vraie NP
18:00:11.91;-22:10:48.98;PreRa 1;0.1 min d'arc;Nouvelle candidate
18:02:35.16;-25:53:24.81;StMul 2;0.1 min d'arc;Nouvelle candidate
18:02:56.78;-12:24:53.20;StDr 110;0.1 min d'arc;Nouvelle candidate
18:03:25.73;-16:53:05.23;StDr 52;2.4 min d'arc;Nouvelle candidate
18:04:19.60;+00:08:04.20;Pre 21;0.1 min d'arc;Vraie NP
18:04:45.60;-23:12:22.70;Ra 70;0.1 min d'arc;Possible NP
18:05:16.65;-23:35:39.54;Mul Objet 7;0.1 min d'arc;Nouvelle candidate
18:05:54.10;-20:06:44.10;Pre 15;0.1 min d'arc;Nouvelle candidate
18:05:57.22;-20:44:33.70;Mul-IR 23;min d'arc;
18:07:32.10;-24:20:17.91;Mul 17;0.1 min d'arc;NP Probable
18:08:03.66;-24:50:59.09;StDr 102;0.1 min d'arc;Vraie NP
18:08:06.34;-10:29:45.60;LDu-IR 8;min d'arc;
18:08:23.80;-28:09:31.00;Mul-IR 24;min d'arc;
18:08:32.66;-28:49:49.87;StDr 80;0.1 min d'arc;Nouvelle candidate
18:08:41.01;-38:29:36.90;StDr 136;2 min d'arc;Nouvelle candidate
18:09:08.95;-31:23:52.80;Pa 202;0.1 min d'arc;Nouvelle candidate
18:10:15.10;-28:15:28.79;PaMo 3;0.1 min d'arc;Nouvelle candidate
18:10:56.33;-11:24:17.00;LDu-IR 1;min d'arc;
18:10:57.20;-18:18:39.00;Pre 18;0.1 min d'arc;Nouvelle candidate
18:11:40.16;-18:30:11.61;StDr 156;10 min d'arc;Nouvelle candidate
18:12:15.57;-08:09:43.46;TanMul 1;0.1 min d'arc;Nouvelle candidate
18:12:22.14;-11:40:07.12;StDr 158;13.5 min d'arc;Nouvelle candidate
18:12:34.27;-16:00:39.40;LDu-IR 12;min d'arc;
18:12:39.46;-13:34:50.80;LDu-IR 10;0.1 min d'arc;Possible NP
18:12:49.66;-20:18:54.30;Mul-IR 25;min d'arc;
18:13:46.14;-28:23:55.80;Pa 197;0.1 min d'arc;Nouvelle candidate
18:13:54.93;-14:17:06.93;StDr 31;11 x 4.6 min d'arc;Vraie NP
18:14:09.70;-06:07:52.00;Mul-IR 48;min d'arc;
18:14:25.97;-15:41:34.17;StMul 1;0.1 min d'arc;NP Probable
18:14:26.86;-15:53:28.53;StDr 153;2.5 min d'arc;Nouvelle candidate
18:14:32.70;-23:52:45.60;StDr 111;0.1 min d'arc;Nouvelle candidate
18:15:36.40;-19:44:05.70;DeGaPe 48;0.1 min d'arc;Nouvelle candidate
18:15:50.90;-20:23:26.90;DeGaPe 49;0.1 min d'arc;Vraie NP
18:16:16.72;+22:19:41.10;Cop 4;0.3 x 0.2 min d'arc;Galaxie ?
18:17:30.93;-55:28:41.40;Pre 13;0.4 x 0.6 min d'arc;Vraie NP
18:17:34.20;-13:24:54.07;Dr Objet 2;1.1 min d'arc;Nouvelle candidate
18:18:20.00;-12:14:48.20;DeGaPe 28;0.6 x 0.4 min d'arc;Possible NP
18:18:24.20;-12:11:49.50;DeGaPe 30;0.1 min d'arc;Région HII
18:19:11.65;-16:59:23.90;StDr 51;0.7 min d'arc;NP Probable
18:19:53.90;-11:48:44.00;DeGaPe 29;0.1 min d'arc;Nouvelle candidate
18:20:13.82;+34:21:08.70;StDr 81;24 min d'arc;Nouvelle candidate
18:20:14.30;-22:30:14.10;Pre 35;0.1 min d'arc;NP Probable
18:20:14.40;-12:44:49.00;Mul-IR 49;min d'arc;
18:20:30.30;+44:49:12.00;Mul-IR 67;min d'arc;
18:21:10.08;-18:36:29.64;Ro 5;0.5 x 0.4 min d'arc;Nouvelle candidate
18:21:14.92;-01:23:04.10;StDr 82;0.7 min d'arc;Nouvelle candidate
18:21:47.91;-17:41:35.40;EMol 4;0.1 min d'arc;Nouvelle candidate
18:25:10.60;-02:58:55.00;Mul-IR 30;min d'arc;
18:25:15.00;+00:02:03.00;Ra 11;0.4 min d'arc;Vraie NP
18:25:17.06;-17:56:30.00;Tan 2;0.1 min d'arc;Vraie NP
18:27:44.31;-20:34:08.70;StDr 112;0.1 min d'arc;Nouvelle candidate
18:27:49.75;-13:16:59.20;Pre 53;0.1 min d'arc;Nouvelle candidate
18:29:02.10;+37:20:05.35;StDr 29;5 min d'arc;NP Probable
18:29:11.30;-16:32:00.00;DeGaPe 50;1.6 x 0.6 min d'arc;Région HII
18:29:27.90;-05:39:42.50;StDr 113;0.1 min d'arc;Nouvelle candidate
18:30:01.68;-12:00:00.10;St 6;0.6 x 0.2 min d'arc;Nouvelle candidate
18:30:05.23;+14:16:13.85;PaMor 1;5.6 min d'arc;Nouvelle candidate
18:31:49.60;-06:50:10.00;Mul-IR 6;min d'arc;
18:32:04.23;+03:04:02.50;StDr 114;0.1 min d'arc;Nouvelle candidate
18:32:07.81;-14:58:42.90;DeGaPe 51;1 min d'arc;Vraie NP
18:32:31.90;-04:46:11.30;Mul 13;0.1 min d'arc;NP Probable
18:32:36.50;-12:46:02.09;Mul 14;0.1 min d'arc;NP Probable
18:32:49.65;-00:56:37.99;LDû 30;0.1 min d'arc;Vraie NP
18:33:34.56;-09:57:34.60;Mul-IR 28;min d'arc;
18:33:42.23;-15:21:12.10;LDu-IR 11;min d'arc;
18:33:51.49;-24:02:52.30;Mul-IR 26;0.1 min d'arc;Possible NP
18:34:24.42;-17:02:00.90;Pre 30;1.0 x 0.3 min d'arc;Non NP
18:34:45.50;-10:59:18.00;Mul-IR 29;min d'arc;
18:34:54.00;-12:11:23.90;Kan 4;0.1 min d'arc;Vraie NP
18:35:10.60;+01:04:20.00;Mul-IR 7;min d'arc;
18:36:01.00;+32:40:19.00;Ra 60;1.8 x 1.5 min d'arc;Nouvelle candidate
18:36:33.94;-04:08:24.60;LDu-IR 7;min d'arc;
18:36:43.90;-06:27:25.00;Mul-IR 8;min d'arc;
18:36:57.78;-09:29:00.10;KanFe 1;0.1 min d'arc;Nouvelle candidate
18:37:44.48;-16:51:05.80;StDr 115;0.1 min d'arc;Nouvelle candidate
18:37:52.45;-00:20:54.29;StDr Objet 13;23 min d'arc;Nouvelle candidate
18:38:01.70;-22:02:48.00;Mul-IR 27;0.1 min d'arc;NP Probable
18:38:42.85;-13:10:45.40;StDr 116;0.1 min d'arc;Nouvelle candidate
18:41:37.02;+04:40:29.64;Cop 6;0.5 x 0.2 min d'arc;Objet de nature inconnue
18:41:46.20;-07:51:29.10;Pre 9;0.1 x 0.2 min d'arc;Vraie NP
18:42:46.75;-09:50:48.00;Pre 48;0.1 min d'arc;Vraie NP
18:42:53.58;-08:43:22.20;StDr 117;0.1 min d'arc;Nouvelle candidate
18:43:54.64;-08:58:32.50;Mo 21;0.1 min d'arc;Nouvelle candidate
18:44:27.21;-08:30:48.70;Mul-IR 31;min d'arc;
18:44:27.21;-08:30:48.70;MulPre 1;0.1 min d'arc;NP Probable
18:45:28.10;-05:31:02.31;Tan 1;0.1 min d'arc;Vraie NP
18:45:41.34;+33:56:4.54;PaStDr 5;9 min d'arc;Possible NP
18:46:04.40;+00:38:55.00;Mul-IR 32;min d'arc;
18:47:20.12;+02:10:23.66;Mo 40;0.4 x 0.3 min d'arc;Nouvelle candidate
18:48:12.84;-19:00:52.86;StDr 135;4 min d'arc;Nouvelle candidate
18:48:53.06;+01:28:51.30;Mul-IR 9;0.1 min d'arc;Vraie NP
18:49:32.00;-00:38:08.00;Ra 23;0.2 min d'arc;Région HII
18:50:36.20;-02:44:21.00;Mul-IR 10;min d'arc;
18:51:55.48;+08:40:13.09;StDr 60;1.0 x 0.9 min d'arc;Nouvelle candidate
18:52:16.73;-00:43:39.25;Sot 1;0.2 min d'arc;Possible NP
18:52:48.44;-02:46:18.49;StDr 118;0.1 min d'arc;Nouvelle candidate
18:53:36.55;+37:29:14.62;StDr 119;10 min d'arc;Nouvelle candidate
18:54:12.34;+05:26:42.90;RaMulMo 1;0.1 min d'arc;Nouvelle candidate
18:54:31.68;+05:37:12.30;Mul-IR 34;min d'arc;
18:54:45.77;+36:30:12.00;Ra 1;0.3 min d'arc;Vraie NP
18:55:14.96;+01:44:58.10;Mul-IR 35;min d'arc;
18:55:26.30;+02:14:49.00;Mul-IR 36;min d'arc;
18:55:45.40;+04:24:47.00;Mul-IR 37;min d'arc;
18:57:23.55;-06:43:28.10;StDr Objet 25;0.1 min d'arc;Nouvelle candidate
18:57:48.70;+00:02:56.90;RaStDr 1;0.1 min d'arc;Nouvelle candidate
18:58:33.41;-09:56:38.95;Dr 11;0.7 min d'arc;Nouvelle candidate
18:59:25.79;+37:30:26.33;StDr 120;10 min d'arc;Nouvelle candidate
19:00:06.00;+30:38:02.00;Ra Objet 4;0.3 min d'arc;Nouvelle candidate
19:00:10.02;+13:07:05.90;StDr 83;0.43 min d'arc;Nouvelle candidate
19:00:27.30;+14:32:04.28;Ek 1;2.2 min d'arc;Nouvelle candidate
19:01:29.50;-05:40:41.00;Mul-IR 33;min d'arc;
19:01:31.94;+01:20:41.10;Ra 73;0.1 min d'arc;NP Probable
19:03:29.32;+10:53:51.20;Mul-LDu-IR 1;min d'arc;
19:04:10.44;+47:15:18.50;LDû 19;0.25 min d'arc;Nouvelle candidate
19:04:57.56;+07:44:19.00;Mul-IR 16;0.1 min d'arc;Vraie NP
19:05:12.00;+16:13:44.00;Ra 2;1 min d'arc;Vraie NP
19:06:15.34;+12:36:49.10;Mul-IR 13;min d'arc;
19:07:32.90;+02:56:26.98;RaPas 1;0.1 min d'arc;Nouvelle candidate
19:08:12.94;+02:59:48.70;RaPas 2;0.1 min d'arc;Nouvelle candidate
19:08:19.59;-10:18:17.76;StDr 49;9 min d'arc;Nouvelle candidate
19:08:19.60;+07:35:33.00;Mul-IR 81;min d'arc;
19:08:29.00;+23:18:25.00;Ra 12;0.2 min d'arc;Nouvelle candidate
19:08:55.00;+35:27:24.00;LDû Objet 3;0.1 min d'arc;Nouvelle candidate
19:09:28.66;+19:35:14.16;StDr 24;0.6 min d'arc;Vraie NP
19:10:03.40;+03:22:24.06;StDr 101;3.75 min d'arc;Vraie NP
19:10:23.97;+13:32:21.49;StDr 34;0.6 min d'arc;Vraie NP
19:11:02.73;+15:17:48.00;Dr 33;1.2 min d'arc;NP Probable
19:11:04.00;+06:08:44.00;Ra 31;0.4 min d'arc;Vraie NP
19:11:07.75;+03:32:59.27;StDr 160;0.4 min d'arc;Nouvelle candidate
19:11:22.56;+40:55:38.60;LDû 7;0.2 min d'arc;Possible NP
19:11:25.44;+05:31:13.69;Cop 5;0.1 min d'arc;NP Probable
19:11:56.23;+15:25:25.20;LDûPa 1;0.1 min d'arc;Vraie NP
19:12:08.00;+09:46:15.00;Mul-IR 82;min d'arc;
19:12:10.00;+16:46:33.00;Ra 3;0.1 min d'arc;Vraie NP
19:12:13.00;+04:54:16.25;StDr Objet 11;1.3 x 0.8 min d'arc;Nouvelle candidate
19:12:17.93;+15:33:50.40;Mul 9;0.1 min d'arc;Nouvelle candidate
19:12:24.14;+03:30:06.90;StDr Objet 32;18 min d'arc;Nouvelle candidate
19:12:38.83;+02:46:45.74;Sai 1;0.1 min d'arc;Nouvelle candidate
19:12:47.70;+03:34:35.60;Mul-IR 17;min d'arc;
19:13:45.30;+13:22:09.99;StDr 14;1 min d'arc;NP Probable
19:14:23.64;+15:04:55.30;Mul 3;0.1 min d'arc;Nouvelle candidate
19:15:23.58;+14:43:13.56;EMol 1;0.1 min d'arc;Nouvelle candidate
19:15:34.52;+15:56:09.00;StDr 45;2.6 min d'arc;NP Probable
19:16:14.99;+14:09:38.14;MulLDu 2;0.1 min d'arc;Nouvelle candidate
19:16:15.09;+14:09:38.70;LDu-IR 2;min d'arc;
19:16:21.40;+16:56:39.60;Mul-IR 14;0.1 min d'arc;Vraie NP
19:16:28.28;+14:25:33.40;LDu-IR 3;min d'arc;
19:17:25.11;+20:52:31.20;StDr 28;2 min d'arc;Vraie NP
19:18:50.58;+03:27:20.62;StDr 16;2.4 min d'arc;Possible NP
19:18:52.05;+43:34:57.10;LDû 8;0.1 min d'arc;Galaxie ?
19:19:53.47;+16:42:32.80;Mul 10;0.1 min d'arc;Nouvelle candidate
19:20:11.50;+08:45:58.40;StDr 84;0.38 min d'arc;Nouvelle candidate
19:20:14.10;+12:12:22.00;Mul-IR 80;min d'arc;
19:20:26.60;+12:02:19.81;Dr 37;2 x 1.3 min d'arc;Nouvelle candidate
19:20:30.00;+16:23:34.00;Pre 6;0.1 min d'arc;Nouvelle candidate
19:21:44.82;+23:18:18.70;LDu-IR 4;min d'arc;
19:21:51.40;+14:21:41.30;Mul-IR 15;min d'arc;
19:23:10.38;+21:41:23.30;Mo 19;0.1 min d'arc;Nouvelle candidate
19:24:15.50;+23:06:01.00;Mul-IR 79;min d'arc;
19:25:26.71;+46:46:26.42;Dr 23;8 min d'arc;Nouvelle candidate
19:26:49.00;-04:32:03.00;Su 1;0.5 x 0.2 min d'arc;Nouvelle candidate
19:27:45.62;+35:08:57.30;LDû 22;1.6 x 1.0 min d'arc;Nouvelle candidate
19:28:47.00;+09:34:36.00;Fe 1;0.9 min d'arc;Vraie NP
19:29:50.33;+19:34:20.42;StDr 85;1.2 min d'arc;Possible NP
19:30:23.61;+37:37:06.80;Ra 69;0.1 min d'arc;Galaxie
19:30:45.62;+08:43:30.60;St 5;0.6 min d'arc;Nouvelle candidate
19:30:58.09;+26:58:43.63;StDr 86;1 min d'arc;Possible NP
19:31:09.65;+00:41:14.40;StDr 87;0.33 min d'arc;Nouvelle candidate
19:31:20.13;+08:43:56.40;St 67;0.4 x 0.3 min d'arc;Nouvelle candidate
19:31:26.50;+26:02:38.60;Pa Objet 6;0.1 min d'arc;Nouvelle candidate
19:31:26.90;+33:27:23.59;StDr 132;4 min d'arc;Nouvelle candidate
19:32:45.83;+15:43:12.57;Dr 29;6.2 min d'arc;NP Probable
19:33:49.94;+22:15:05.56;StDr 25;0.4 min d'arc;Vraie NP
19:34:37.27;+23:49:48.44;StDr Objet 19;1 min d'arc;Objet de nature inconnue
19:35:50.13;+16:28:47.50;Dr 31;0.6 min d'arc;Nouvelle candidate
19:36:07.65;+24:29:53.60;Mul-IR 11;min d'arc;
19:36:24.28;+24:27:16.00;Mul-IR 72;min d'arc;
19:37:01.00;+37:31:46.00;Ra 36;0.3 min d'arc;Non NP
19:37:19.83;+32:32:16.79;Maa 1;1.1 min d'arc;Possible NP
19:37:21.94;+23:36:13.64;Cop 2;1 min d'arc;NP Probable
19:37:40.00;+20:35:47.00;Ra 24;0.5 min d'arc;Vraie NP
19:38:16.81;+23:45:45.80;Ou 3;1.5 min d'arc;Vraie NP
19:38:19.16;+43:52:44.70;Hu 7;5 x 3 min d'arc;Nouvelle candidate
19:38:36.00;+38:18:34.00;Ra 15;0.4 min d'arc;Possible NP
19:39:05.00;+08:44:35.00;Fe 5;0.5 min d'arc;Galaxie ?
19:39:44.00;+58:02:11.00;Ra 14;3.7 min d'arc;Nouvelle candidate
19:39:47.96;+20:34:10.05;StDr 30;1.3 min d'arc;Vraie NP
19:40:05.89;+22:35:14.60;StDr 89;3 min d'arc;Nouvelle candidate
19:40:38.71;+12:31:20.11;StDr 100;1 min d'arc;Nouvelle candidate
19:40:43.00;+02:30:32.00;Ra 7;2.3 min d'arc;Vraie NP
19:40:48.51;+27:05:08.90;LDu-IR 5;min d'arc;
19:41:39.93;+21:45:58.36;StDr 90;2.5 min d'arc;Nouvelle candidate
19:41:57.12;+34:22:24.46;Cop 1;3.2 min d'arc;Nouvelle candidate
19:42:27.00;-17:01:06.00;LDû Objet 1;0.4 min d'arc;Nouvelle candidate
19:42:48.29;+29:02:29.98;Mul Objet 9;0.1 min d'arc;Nouvelle candidate
19:43:14.29;+18:56:33.50;StDr 173;5 min d'arc;
19:43:16.19;+26:02:55.10;Mul-IR 68;min d'arc;
19:43:21.60;+26:01:39.10;Mul-IR 69;min d'arc;
19:43:46.00;+44:49:49.00;Ra 8;0.5 min d'arc;Non NP
19:44:08.42;+28:48:31.27;StDr Objet 29;0.6 min d'arc;Nouvelle candidate
19:44:22.71;+16:55:59.10;Mul 1;2.6 x 1.9 min d'arc;Région HII
19:44:28.20;-14:40:05.40;DeGaPe 70;0.1 min d'arc;Nouvelle candidate
19:45:11.26;-44:59:53.90;PaStDr 8;60 min d'arc;Nouvelle candidate
19:45:37.00;+48:38:27.00;LDû Objet 4;0.2 x 0.4 min d'arc;Nouvelle candidate
19:45:44.00;+27:14:48.50;Mul-IR 12;0.1 min d'arc;Objet de nature inconnue
19:45:56.00;+58:06:13.00;Ra 35;4 min d'arc;Nouvelle candidate
19:46:03.44;+48:35:09.50;LDû 24;0.3 min d'arc;Nouvelle candidate
19:46:10.90;+17:06:09.11;StDr 26;0.2 min d'arc;Vraie NP
19:46:20.63;+34:23:38.44;StDr 165;0.8 min d'arc;NP Probable
19:46:31.00;-09:21:18.00;Fe 4;0.5 min d'arc;Vraie NP
19:47:28.00;+22:28:24.00;Ra 17;0.3 min d'arc;Vraie NP
19:47:38.03;+27:18:43.50;StDr Objet 12;0.3 x 0.2 min d'arc;Objet intéressant
19:47:52.63;+26:54:23.38;RaEMol 1;0.1 min d'arc;Vraie NP
19:48:33.90;-09:48:06.70;LDû 17;0.6 min d'arc;Galaxie ?
19:49:00.03;+18:49:52.60;Mul 6;0.1 min d'arc;Nouvelle candidate
19:49:35.00;+33:36:01.00;Ra 26;0.5 min d'arc;Nouvelle candidate
19:49:39.11;+30:58:18.47;StDr 91;1.1 min d'arc;Nouvelle candidate
19:49:48.68;+35:49:14.34;StDr Objet 26;0.35 min d'arc;Etoile avec raies en émission
19:49:53.70;+18:40:15.10;RaMul 2;0.2 min d'arc;Vraie NP
19:50:11.26;+26:43:32.09;StDr 7;0.3 min d'arc;Possible NP
19:50:33.00;+30:15:22.00;Pre 7;0.6 min d'arc;Vraie NP
19:50:43.10;+18:06:42.11;StDr 148;0.9 min d'arc;Nouvelle candidate
19:50:46.66;+28:26:10.77;StDr 149;2.2 min d'arc;Nouvelle candidate
19:50:57.00;+33:47:32.00;Ra Objet 2;0.3 min d'arc;Vraie NP
19:50:58.49;+27:27:44.52;StDr 150;2 min d'arc;Nouvelle candidate
19:52:06.00;+09:44:07.00;LDû Objet 6;0.2 min d'arc;Nouvelle candidate
19:52:23.88;+32:35:59.50;Ou 8;1 x 0.5 min d'arc;Nouvelle candidate
19:52:45.42;+32:25:36.00;Ou 7;5.7 x 3.2 min d'arc;Vraie NP
19:53:43.00;+20:26:34.00;Ra 16;0.3 min d'arc;Vraie NP
19:53:47.00;+33:30:19.00;Ra 13;0.1 min d'arc;Nouvelle candidate
19:53:47.36;+36:02:17.73;StDr 121;1.5 min d'arc;Nouvelle candidate
19:54:10.03;+33:58:45.71;StDr Objet 3;0.2 min d'arc;Nouvelle candidate
19:54:53.78;+10:54:30.00;LDû 25;0.2 min d'arc;Galaxie
19:55:52.27;+30:16:09.90;PaStDr 2;2.3 min d'arc;Région HII
19:56:53.55;+34:44:55.40;Ch 2;0.9 x 0.5 min d'arc;Non NP
19:57:01.50;+32:25:31.00;Mul-IR 75;min d'arc;
19:57:15.56;+34:47:18.80;Ch 1;1.0 x 0.4 min d'arc;Vraie NP
19:57:29.91;+40:58:47.60;StDr Objet 27;1.6 min d'arc;Nouvelle candidate
19:58:09.00;+32:07:10.00;Mul-IR 71;min d'arc;
19:58:20.40;+32:03:14.00;Mul-IR 76;min d'arc;
19:58:49.27;-17:32:57.20;St 2;0.4 x 0.3 min d'arc;Nouvelle candidate
19:59:39.84;+31:14:06.91;StDr 92;1.82 min d'arc;Vraie NP
20:00:38.97;+34:39:23.04;StDr 103;10 min d'arc;Nouvelle candidate
20:00:46.99;+36:42:10.72;StDr 109;8 min d'arc;Etoile avec raies en émission
20:00:59.00;+47:34:11.00;Ra 6;0.3 min d'arc;Nouvelle candidate
20:01:13.70;+25:19:34.93;StDr 164;3.1 min d'arc;NP Probable
20:01:25.18;+18:01:59.70;StDr 122;15 min d'arc;Nouvelle candidate
20:01:25.43;+17:51:24.60;StDrBl 1;1.6 min d'arc;NP Probable
20:02:51.14;+23:48:09.72;StDr 93;0.83 min d'arc;Nouvelle candidate
20:02:51.60;+39:15:31.50;Ra 40;0.3 min d'arc;Nouvelle candidate
20:03:24.26;+26:13:42.00;StDr 123;6 min d'arc;Nouvelle candidate
20:03:48.86;+47:44:01.50;LDû 23;0.3 min d'arc;Nouvelle candidate
20:03:53.54;+35:22:50.40;Ou 6;0.2 min d'arc;Vraie NP
20:04:10.07;+35:36:13.53;MoMi 6;1.8 min d'arc;Nouvelle candidate
20:05:22.00;+11:53:36.00;Ra 29;0.4 min d'arc;Nouvelle candidate
20:05:48.00;+03:19:38.00;Ra 20;0.2 min d'arc;Nouvelle candidate
20:07:48.87;+41:39:31.21;StDr Objet 15;1.2 min d'arc;Nouvelle candidate
20:07:58.58;+38:02:10.51;StDr 6;0.1 min d'arc;Vraie NP
20:08:22.4;+09:58:54.30;Mo Objet 6;0.1 min d'arc;Nouvelle candidate
20:08:33.85;+19:01:24.88;Dr 24;6.4 min d'arc;NP Probable
20:08:38.47;+41:00:40.78;Mul Objet 5;0.1 min d'arc;Possible proto NP
20:09:08.50;+29:32:07.10;StDr Objet 28;1.4 min d'arc;Nouvelle candidate
20:09:27.21;+27:19:47.90;Mul-IR 93;min d'arc;
20:09:27.67;+25:59:38.30;StDr 42;1.4 min d'arc;Vraie NP
20:10:09.92;+46:43:18.98;StDr 139;2.7 x 2.4 min d'arc;Vraie NP
20:10:17.90;+36:13:09.00;Mul 4;0.1 min d'arc;Possible NP
20:11:00.00;+01:40:57.00;LDû Objet 7;0.5 min d'arc;Nouvelle candidate
20:11:46.20;+37:00:43.00;Mul-IR 83;min d'arc;
20:13:14.30;+37:05:37.00;Mul-IR 84;min d'arc;
20:13:17.00;+37:06:02.20;Mul-IR 73;min d'arc;
20:13:41.34;+32:45:54.50;Mul-IR 18;min d'arc;
20:13:51.00;+37:16:21.00;Mul-IR 70;min d'arc;
20:14:43.00;+32:08:34.00;Ra 28;0.1 min d'arc;Non NP
20:16:03.00;+31:58:45.00;Ra 37;1.7 min d'arc;Nouvelle candidate
20:16:41.00;+06:18:47.00;KanPre 1;3 min d'arc;Nouvelle candidate
20:17:56.60;+33:57:18.38;Cop 8;0.2 min d'arc;Nouvelle candidate
20:18:09.47;+25:37:05.30;Ras Objet 1;5.4 x 4.0 min d'arc;Nouvelle candidate
20:20:25.28;+14:46:50.90;Mul 7;0.2 min d'arc;Nouvelle candidate
20:20:50.30;+29:49:51.10;StDr 11;1.4 min d'arc;Vraie NP
20:21:41.34;+50:18:30.51;StDr 159;1.8 min d'arc;Vraie NP
20:23:19.20;+37:58:52.00;Mul-IR 85;min d'arc;
20:24:50.63;+46:22:24.40;LDû 2;20.1 x 11.7 min d'arc;ISM ionisé
20:25:28.92;+31:43:07.90;Cop 7;0.2 min d'arc;Nouvelle candidate
20:27:02.79;-00:17:32.00;LDû 27;1 min d'arc;Nouvelle candidate
20:27:23.00;+24:48:25.00;Ra 27;0.3 min d'arc;Nouvelle candidate
20:27:35.50;+10:28:10.40;Pre 1;0.2 x 0. 3 min d'arc;Nouvelle candidate
20:27:52.15;+24:36:18.00;Ra 63;0.5 min d'arc;Nouvelle candidate
20:27:59.68;-30:56:02.20;Dr 20;5.3 min d'arc;Nouvelle candidate
20:28:54.25;+30:44:07.00;StDr 5;1.4 min d'arc;Nouvelle candidate
20:29:35.09;+33:07:31.70;Hu 9;18 min d'arc;Nouvelle candidate
20:31:09.00;+21:21:41.00;Ra 9;1.5 min d'arc;Nouvelle candidate
20:31:14.95;+00:08:27.81;DoS 4;4.0 x 2.5 min d'arc;Nouvelle candidate
20:31:54.30;+51:54:08.66;StDr 166;0.3 min d'arc;Vraie NP
20:31:59.00;+08:58:38.00;Pre 25;12.0 x 7.2 min d'arc;Nouvelle candidate
20:32:09.00;+32:37:18.00;Hu 8;0.1 min d'arc;Galaxie
20:32:30.34;+51:11:34.44;StDr 161;10 x 5 min d'arc;ISM ionisé
20:32:41.55;+51:29:38.16;EkGo 2;0.1 min d'arc;Nouvelle candidate
20:33:13.19;+34:53:23.59;Sot 2;1.4 min d'arc;
20:33:22.73;+51:22:02.37;EkGo 1;2.5 x 2 min d'arc;Possible NP
20:33:31.14;+44:08:45.39;StDr Objet 2;0.6 min d'arc;Possible NP
20:34:26.00;+31:18:33.00;Mul-IR 19;0.2 min d'arc;Vraie NP
20:35:22.79;+00:12:52.00;LDû 26;0.7 min d'arc;Nouvelle candidate
20:36:07.20;+46:01:53.00;Ra 67;0.2 min d'arc;Vraie NP
20:36:48.80;+35:30:04.43;StDr 171;2.2 min d'arc;
20:36:51.53;+58:27:57.33;Dr 25;2.6 min d'arc;Possible NP
20:37:57.62;+34:37:27.42;StDr 172;3 min d'arc;
20:38:09.15;+61:55:05.00;KnFe 1;0.7 min d'arc;Vraie NP
20:42:07.58;+38:38:08.78;StDr 27;3 min d'arc;Possible NP
20:42:35.45;+83:22:37.20;St 11;1.6 min d'arc;Nouvelle candidate
20:44:13.00;+36:07:38.00;Ra 4;0.3 min d'arc;Vraie NP
20:44:14.00;+16:30:30.51;Kan 3;0.1 min d'arc;Nouvelle candidate
20:49:56.55;+37:54:05.80;LDû 21;0.2 min d'arc;Nouvelle candidate
20:50:13.00;+46:55:18.00;Ra 10;0.8 min d'arc;Vraie NP
20:50:45.92;+50:12:07.50;Rai 2;0.1 min d'arc;Vraie NP
20:53:49.60;+46:46:47.00;Zol 1;0.6 min d'arc;Vraie NP
20:54:14.00;+58:51:20.40;Hu 1;1.5 x 1.5 min d'arc;Objet de nature inconnue
20:54:32.34;+25:10:51.20;Or 2;0.3 min d'arc;Nouvelle candidate
20:56:03.57;-31:29:37.93;StDr 143;53 min d'arc;Nouvelle candidate
20:56:13.13;+44:34:39.49;Su 2;2.1 x 1.0 min d'arc;Nouvelle candidate
20:57:03.75;+42:06:27.00;Ra 66;0.2 min d'arc;Nouvelle candidate
20:58:19.21;+50:12:07.19;StDr 146;3 min d'arc;Nouvelle candidate
21:00:00.22;+54:18:11.05;Pa 180;1 min d'arc;Nouvelle candidate
21:02:38.00;+44:46:42.00;Ra 5;0.2 min d'arc;Vraie NP
21:03:24.04;+58:45:43.60;St Objet 2;1.6 x 1.0 min d'arc;Nouvelle candidate
21:04:40.09;+37:16:42.05;StDr Objet 14;1 min d'arc;Nouvelle candidate
21:06:58.54;-03:26:38.00;St Objet 4;0.4 x 0.1 min d'arc;Nouvelle candidate
21:09:36.50;+53:34:04.00;Mul-IR 77;min d'arc;
21:10:51.12;+40:17:00.07;MoMi 2;8 x 3.6 min d'arc;Objet de nature inconnue
21:11:48.20;+59:59:12.00;Ou 4;69.4 x 19.8 min d'arc;Matière circumstellaire
21:13:09.00;+46:22:32.00;LDû Objet 5;2.6 x 2.6 min d'arc;Nouvelle candidate
21:14:20.00;+43:41:35.00;Ou 5;0.6 x 0.8 min d'arc;Vraie NP
21:15:06.92;+55:55:52.60;StDr 15;5 x 3.8 min d'arc;Nouvelle candidate
21:16:33.04;+58:44:22.30;St 9;1.6 x 0.8 min d'arc;Nouvelle candidate
21:16:36.39;+28:10:19.52;StDr 54;16 min d'arc;Nouvelle candidate
21:17:40.87;+42:42:35.82;StDr 133;2.8 min d'arc;Nouvelle candidate
21:17:54.00;+53:09:39.00;Ra 43;0.7 min d'arc;Nouvelle candidate
21:19:45.10;+49:28:10.00;Mul-IR 78;min d'arc;
21:21:04.23;+59:01:31.25;StDr 126;3 min d'arc;Nouvelle candidate
21:22:16.87;+51:13:13.50;StDr 94;2.2 min d'arc;Nouvelle candidate
21:26:59.81;+50:18:57.30;StDr 95;1.1 min d'arc;Nouvelle candidate
21:28:14.11;+49:41:47.30;PaStDr 1;5.3 min d'arc;Nouvelle candidate
21:28:26.76;+54:11:01.60;LDû 28;0.4 min d'arc;Nouvelle candidate
21:29:52.51;+50:54:19.18;LDû 18;0.4 min d'arc;Vraie NP
21:30:45.12;+52:41:48.10;App 2;1 x 0.8 min d'arc;Vraie NP
21:31:59.35;+56:13:15.52;StDr 3;2 x 1 min d'arc;Nouvelle candidate
21:32:06.30;+63:04:24.00;Hu Objet 1;3.5 x 2.3 min d'arc;Nouvelle candidate
21:35:07.85;+52:11:32.36;StDr Objet 1;0.5 x 0.3 min d'arc;Vraie NP
21:35:13.12;+52:18:58.40;LDu-IR 9;min d'arc;
21:36:06.35;+50:54:04.80;LDû 1;2.2 min d'arc;Vraie NP
21:40:00.35;+46:51:17.60;St 13;0.4 x 0.3 min d'arc;Nouvelle candidate
21:40:01.47;+66:18:54.60;RebPau 1;1 x 0.7 min d'arc;Région HII
21:40:22.13;+48:21:52.64;StDr 2;0.6 min d'arc;NP Probable
21:40:32.51;+56:47:55.00;Jo 1;0.2 min d'arc;Vraie NP
21:41:30.82;+55:47:52.78;StDr 4;3 x 2.3 min d'arc;Candidat rémanent de supernova
21:42:15.52;+44:28:04.33;StDr 17;15 x 13 min d'arc;Vraie NP
21:43:01.90;+54:56:35.60;Su Objet 7;0.4 x 0.3 min d'arc;Nouvelle candidate
21:45:05.28;+29:59:59.12;El 1;2.4 min d'arc;NP Probable
21:55:42.00;+66:49:50.00;Mul Objet 1;8.4 x 4.5 min d'arc;Région HII
21:56:40.67;+51:34:59.50;Ra 57;0.1 x 0.3 min d'arc;Nouvelle candidate
21:57:35.52;+61:51:28.95;Dr 5;0.2 min d'arc;Vraie NP
22:00:00.44;+49:00:57.07;DrZi Objet 1;18 min d'arc;Région HII
22:03:30.65;+61:29:43.39;StDr 12;0.8 min d'arc;Vraie NP
22:06:08.05;+57:38:22.90;Rai 1;0.3 min d'arc;Vraie NP
22:06:55.39;+57:58:22.60;St 7;2.4 x 2.4 min d'arc;Nouvelle candidate
22:07:59.14;+66:45:13.30;St 8;6.3 x 2.7 min d'arc;Candidat rémanent de supernova
22:09:27.00;+63:24:53.00;Ra Objet 1;1.8 x 0.6 min d'arc;Nouvelle candidate
22:10:45.27;+56:23:13.10;Ra 50;0.4 x 0.3 min d'arc;Vraie NP
22:16:18.23;+54:18:42.10;StDr 43;7 min d'arc;Possible NP
22:16:30.00;+53:42:19.00;RaMul 1;0.6 min d'arc;Galaxie
22:19:41.44;+56:43:48.40;Ch 3;1.3 x 0.8 min d'arc;Non NP
22:27:52.34;+34:39:21.67;StDr 124;33 min d'arc;Nouvelle candidate
22:30:05.00;+40:15:33.00;Ra 42;1.6 x 1.8 min d'arc;Nouvelle candidate
22:33:36.80;+65:48:03.00;Fe Objet 1;0.8 x 0.5 min d'arc;Nouvelle candidate
22:33:53.80;+67:25:01.16;StDr Objet 33;26 x 15 min d'arc;Objet de nature inconnue
22:36:35.31;+42:55:45.10;St 4;0.1 min d'arc;Nouvelle candidate
22:37:00.25;+54:02:50.68;StDr 96;1 min d'arc;NP Probable
22:44:54.68;+55:09:25.60;StDr 53;0.3 min d'arc;NP Probable
22:46:24.97;+59:09:37.20;Gar Objet 1;2 x 1 min d'arc;Nouvelle candidate
22:49:20.13;+46:07:38.40;App 1;0.9 x 0.5 min d'arc;Galaxie
22:54:20.00;+63:09:28.00;Ra 59;0.5 x 0.3 min d'arc;Région HII
22:55:58.00;+62:33:25.00;Ra 38;0.1 min d'arc;Nouvelle candidate
23:01:23.00;+63:26:45.00;Ra 56;0.4 x 0.5 min d'arc;Nouvelle candidate
23:02:30.00;+58:57:55.00;FeMul 1;1 x 0.8 min d'arc;Région HII
23:02:30.00;+59:2:56.00;Pre Objet 1;4.5 x 3.5 min d'arc;Rémanent de supernova
23:02:57.00;+63:13:07.00;Ra 21;0.3 min d'arc;ISM ionisé
23:04:21.23;+40:43:39.40;St 12;1.7 x 1.3 min d'arc;Nouvelle candidate
23:14:18.82;+55:59:33.90;StDr 97;1.08 min d'arc;Possible NP
23:17:57.63;+55:50:27.03;StDr 98;19.4 min d'arc;Nouvelle candidate
23:18:51.31;-51:44:53.52;Bic 1;0.2 min d'arc;Nouvelle candidate
23:23:36.14;+45:13:03.94;DrBl 1;1.3 min d'arc;Nouvelle candidate
23:23:49.89;+45:16:54.43;Dr 21;7.5 min d'arc;Vraie NP
23:23:59.64;+60:45:00.90;LDû 12;2.3 min d'arc;Région HII
23:24:11.06;+65:30:52.40;StDr 99;17 min d'arc;Nouvelle candidate
23:25:34.37;+52:32:36.69;Dr 30;66 min d'arc;Nouvelle candidate
23:30:41.11;+55:04:11.82;Dr 35;9.9 x 8.6 min d'arc;Nouvelle candidate
23:38:40.43;+61:41:40.90;LDû 13;0.9 x 0.7 min d'arc;Vraie NP
23:50:14.00;+65:39:28.00;Hu Objet 3;2.5 x 1.8 min d'arc;ISM ionisé
23:59:53.00;+63:57:01.00;Mul Objet 2;min d'arc;Nouvelle candidate
